feature_0,feature_1,feature_2,feature_3,feature_4,feature_5,feature_6,feature_7,feature_8,feature_9
-0.7256462349540831,-0.04865817059582453,1.0623346919875136,-0.1199877373789571,0.5028016967971761,-0.4938196551482004,-1.3589090822807357,1.1640393006386918,0.20972620516709511,-1.7116444757549882
0.4650350623268164,-0.2136037151392176,-0.2627132037305269,0.0766140201065065,-1.5708081803737548,0.6200508987192155,-0.8683494686472449,1.037472759446328,0.7043844065082047,0.48525569653198886
-1.4883294816899297,1.6314413547901059,-0.8883844003286814,-0.534413664046709,0.4370401552256998,-1.571543471926027,-0.2997045401849974,-1.0489748543287625,-0.3175184952908243,0.2566472870595337
-0.3729300967067799,0.15845117285479154,-2.441515935815768,1.1672618270312876,-0.506125015336614,0.38574535167601226,1.5746408759506725,0.3042449121180803,1.2559209495740489,0.1991253468653232
0.9792859214952947,0.3957267862901808,1.1673719179606576,-0.39501570187175494,1.2777000263326668,-0.5548267487391683,-0.11957880979379536,1.337470395724129,0.9461489241454102,1.0370178408658401
1.4927333522259325,-0.7537879483599175,0.4510115154696719,0.9472299683221421,-0.2371078265731249,-0.3285369195669552,-1.3387609462830259,-1.1777758209908638,-1.0051004544131679,2.167655522918319
1.0043303031852449,-0.8436098778875587,1.5191139384366186,-1.3114981441125202,0.6838943509419227,1.6704512720892584,-0.3156281860416762,2.304803685771944,0.9948782313428769,-0.46111789889818444
0.18903061295749476,1.026398273294793,-0.7247139438556532,-0.25992039218431656,1.4162638616650198,0.5972058069602723,0.21190786121667615,-0.7145464364042133,-1.6307451837463176,0.10472190439563815
1.5741808959591195,0.2001002899403642,1.2246712725723223,0.14087397124675444,1.2980134976695532,-0.6371970269914478,0.34816452069887344,1.7227456830285979,0.792261875389474,0.9154694474706276
-2.1069177367615617,-0.640115918084453,0.5161430235797673,-0.4375239511065333,0.5805540793771605,0.06540014441249237,1.1964223569542627,0.7755429978693684,-1.639229362941966,-0.050584737005014965
-0.7979144713516025,0.5801199682221186,0.24014926872563716,-0.7907369718213112,1.2255855440686645,-1.5270886197478453,0.0977017535073654,0.37134539641016484,-0.3305683569128181,0.7993784007319611
-0.26802335235297303,1.0918131081230502,-0.809368134242347,1.1531322406251334,-1.7917522627432916,0.2847019076840232,0.6610424538157443,-1.0394511975002896,-0.8180558963054546,0.5498550759902496
0.25653728642750534,-0.20789137569351687,-1.6288095912583966,-1.6866359166401503,0.8189362788052176,1.0555487500203296,-0.18625003295262002,-0.5691230921436007,-0.5040096044200246,-1.2771048979404387
-0.09206605965287033,-0.4454863928861353,-0.004853063643717748,-1.983399490761706,-0.2354719632134086,1.1517322546669504,-0.16631262271435712,-0.07043903617531902,-0.8498615034814402,1.135491781247268
1.346261236682035,0.7722107381356977,-0.7602274871899329,0.5845548444051127,0.4203102077095755,-0.08585888873102471,0.21826267010005465,-0.15352500808332684,1.4138782077108618,1.8134318904399465
-1.1308592275060327,0.2040428904699066,1.0121980481092925,0.1533576916381975,0.6275680429727294,-0.4913476114851233,-0.6195275614416501,-0.2307616320301031,-1.1181554804757075,0.30040178670302825
1.0492079552324216,0.5879121719738076,0.6272789099841637,0.4495326247376534,1.2782949499656397,0.35377219790727626,-0.049338867704281975,2.1452622176725,0.04223178516301359,0.2959941282730232
-0.3671050862374496,-1.3190563814102614,0.3320498755789973,0.6838993004926986,-0.5966033954069982,-1.5092252015080443,1.3542875802958425,-1.5604535661542305,-0.8420169733717984,-0.8228717486240177
1.7244652224772141,2.1947164090538465,-1.5835239786345325,0.5691818004709666,-0.2710294361212895,-0.5896477153989215,2.0300547541697576,1.6423028434368614,-2.418056097940111,0.900873755274416
1.7810277507722017,0.46692961845768755,2.798221221911003,1.2078874706105813,0.8032287984754283,-1.070537511003705,0.23117803726783653,0.047081204992467644,-1.105935669140084,0.22620972795390573
-0.1594179190509273,-0.9441064224345217,0.13984236752863785,-0.8028675021297955,-0.6821726399451454,-1.5027502833606587,0.8857920647361878,-1.091636760043144,-0.6673488408115975,0.6226863101057024
1.1854966752013534,-0.5978178275831758,-0.2287616875883255,0.49556285385736576,0.2633085934369763,-0.43369297153639647,-1.826260210811898,-0.17583799934379302,0.9888255818911069,1.8040753344392164
-0.6158805743898517,-0.01972941257426992,-0.6018786587972389,0.868159343931034,-0.030069458885882597,-0.6552356421073466,-0.7765383520897678,-1.2035317749802912,-1.9001526644248175,-1.2255075894660228
0.7188185333422393,0.15874736807579032,-0.5205116873128763,-0.19501388557318564,-1.0988085631801174,-0.6107900179181536,1.945354076579051,0.32550651425250665,0.5133570683033675,0.01990540410440801
-1.0523831459368325,0.7679948580087873,-1.508984572560344,1.7572286720056927,0.23517178912103442,0.8150040471555391,0.5628095137842264,-0.8279681888022228,0.5702132079723625,-0.33063923804611295
0.5881818030392504,0.23092030026962,-1.061441101444322,0.36706988888429776,-1.792021645768587,-1.204362219441908,1.531514777328884,-0.08171396297975853,0.2576463573339572,-0.6794652970405449
0.8034954847220157,0.9566242890541425,2.011351364532719,0.041244644737644665,0.42171806682243795,0.06570696528482772,0.6258161234037812,0.33388781601369993,-0.01418127621828408,0.12656453656558472
1.1642557492267485,1.2310887586391681,-0.8823692001998272,-0.6709017985850111,-0.7056121076166859,0.1663958805776695,2.099017487093874,-0.5761349911053498,-0.4275464797006022,1.2008621786580382
-0.8358122627601458,0.9468199334180369,-0.37085808214076377,-0.23410557241056004,1.0740204667408642,-0.4597982924614587,-0.2071704628368202,-1.0351244903130539,-1.9920084973502425,-3.342147712951754
-0.31691262612336835,0.35889077580383005,0.11102694438318314,1.009580242874263,-0.943187824305586,0.9670125894322721,-0.07551055413925033,-0.19707218146705902,-1.1829378350361017,0.95882479662769
0.2911620128272784,0.8211400387094756,-0.05222906204155081,-0.26858867865090086,0.9897615777173625,-0.9816489595796305,0.22830308976702382,-0.783662561117458,0.3443073289461142,-0.32091315489130523
-0.5463627794982651,-2.5279099815509682,-0.016980234997111338,-2.0252318243616263,-0.735958072856462,-1.7720802320888631,0.4925758993105908,-0.5871296115750362,-0.5612640280091958,2.0113190259477314
0.7823591874178056,2.374787652611427,0.40267285554157856,1.484242505835518,-0.7741006496396113,-0.08148106571976624,0.5206867432312272,1.8786950900211792,-0.5729145310587044,0.4180123921888701
0.5541008160801322,-3.6144658866221846,-0.10869254811047074,1.0411495986052428,-1.8503900629368923,-0.27467526240412754,0.7248248787237961,-0.6552576364338668,-1.1348806897225445,0.339488695877879
1.3470728308280124,-1.0694997278011396,-0.38098673797967414,0.8116299282250908,-2.1256891871926413,-1.43223701007928,-0.21380714268751644,1.5494271606095145,1.1086042616373124,-0.5338593656795446
-0.7328868522494615,1.2198930811240607,-0.0032571042736242975,0.6242454212100098,0.41103355533726615,1.8484320814771917,-0.8261199170957093,0.135652761653204,0.6057634821635416,0.7335184295392684
0.5048554594414829,0.668149966080829,-1.462079502562949,1.104128700246385,-0.45105961058955957,-0.4925709359698821,1.398536992687407,-0.15244330855021565,0.16563038150390633,-0.24741327327187618
-0.06048840665476683,0.38564763051776785,-0.8441733441516427,0.039646902288204056,0.3421573090713951,1.0222251089812033,1.9166702206070345,-0.8558792278052941,0.4584398403724726,0.09744282911250984
0.14573637880207213,2.012010336394395,0.019437556102936387,0.13288740975990518,0.5800040258226047,0.08626297485181374,0.04811668690715314,0.639959219312115,-0.2673345327733113,0.6834079887333064
0.9924739843891819,-0.5773016934694463,1.6062620612979817,0.3631513101309739,-1.889430868755074,-0.032162073424666524,-1.796376116664394,-0.03325763229479654,-0.12686522818036755,0.02881132859232508
-1.7257851731471552,-1.0406181060024702,-0.4164523722671449,0.219536698384835,0.0677909592303915,1.2593217951079512,0.19156866580146006,-1.0600066366694938,-0.948647180869334,0.14397964105779143
0.44563118494069703,0.760018697016675,-1.0099500034240019,-0.7758521331564351,0.6681223103186567,-0.7008123963006933,-0.8088731717541404,0.2598749643300847,-1.3170964836558177,0.8804171272529596
-0.9409833935235916,-0.8820952181280342,1.5321262152440156,1.0589420537985432,0.05317338038040127,0.28265132236159574,-0.47085613847628766,-0.28131701008789584,-1.1896981797686197,-0.8876381633954793
-0.534466335003569,1.4748382603987522,0.9153655509089218,-0.11652043212275055,0.008876331299097998,-0.5856790604369034,-0.20824159005079346,0.8613266964733621,0.5855168011406674,0.388039786042802
0.549293039988204,1.5916447582402309,0.8519636961465564,-1.4902334320005994,0.06924114090019053,0.9014190686844008,-0.6948397887377706,0.19296386514498112,-0.9477972727021862,0.23296359105522457
1.0644221202605755,-0.7086051802665992,-1.7245026819341573,1.2897274361574669,-0.701806070887947,-1.6027659303758723,-0.420551847719085,-1.5791425383745565,-0.22857173734623776,1.3101963583524867
-1.256831842672528,2.5060035197466153,0.9127654580933557,1.3792274109651042,2.3200051005092184,-0.9948080044418247,0.38198247500262034,-0.6311992919537334,-0.1098670333937318,1.3207800002810703
-0.6445828094026297,0.5083864740667297,-0.7910245427944201,1.0606107474654227,0.6288109807755702,0.04099078118770312,-1.2199026788086906,-0.24428696170325573,-0.2542749230138528,-0.13911493058304839
-0.05448978003310696,0.03460133068377008,0.5916527162534669,0.13155940000389804,-1.4043441689174614,-0.43316271327254824,0.7519889670100885,-0.6517195511078223,0.8909351416341871,-0.4303137621934998
1.504616073397746,0.568987668429093,-1.6659587461172176,0.38846579684859284,-0.5615599735607991,-0.13516431627873526,-0.389279806226765,-0.5587944385426732,-1.8280398012394985,0.9159990104636874
-0.558058327563515,-2.591132511617607,0.19479293561726405,-0.3575208738781423,0.46646306511045166,0.17143732046109955,-0.8309587506570782,-0.21111325973817538,0.09041553681731707,0.06850559072310426
0.9681982374064774,0.6181325419607123,-2.271345623687831,0.20065539733203755,0.2166544380723285,-0.6221923174605803,0.7787421188008566,0.439552159029718,1.4609099667352374,-0.22613485972468284
-1.6860167934430481,-1.6364772497322333,0.511926295448735,0.3148699213571429,-0.5507513923164176,-0.1843195605610715,-1.053800351959457,-0.8755845268385755,0.11830790997028372,0.07907816508726664
0.6877867030558223,-0.8947611126746505,0.4775699426214352,0.23502521912359,1.2412321091680547,-0.33614352407375947,-0.31036758527378994,0.31260742830534444,-1.67314695817352,-1.5779996801602758
0.6064185980521611,0.43542869474692003,-0.7642027768305885,-0.07034364940306906,-0.9268318726606201,1.052717541929226,-2.941425558395014,-0.6664349925161119,0.5373848618537519,0.2751972844094457
1.6459957389690194,-1.4307578071546623,0.45271455260727916,-1.3844172157847325,-0.6039058353718174,0.3648915902007718,-0.5310575058266823,-0.8403246548326002,0.32234243283813646,1.840178675210052
-0.571224529622736,0.37669394599004197,0.5194686773254151,-0.5597653521534763,-0.5014089808806445,0.4905133697901314,2.6799573957958525,-1.6809249031340903,1.5058764067661106,1.9171139371187882
0.9658364142096577,-0.32851528716775674,1.5775504897984116,0.8585529018149141,1.3222144943242082,-0.8170296697724773,-1.0452528863877695,-0.5572174733409865,0.05743652111085519,-2.1889841327390465
-0.34269404536048315,-0.5371283555039097,0.620846992131671,-1.8740697606730998,-1.2155055467521154,-0.954688910119678,1.0832275305926842,-0.30526212506502143,-1.174271517879286,0.411655575106778
0.1584254240589789,-0.5540276960061769,-0.15934351712520525,1.9318374614599416,0.036173133993115586,-1.280065784927096,0.6104641218014522,1.0329054940906823,0.38246257544138895,-0.46249303858483537
-1.042993731703494,-1.3218091602431499,-0.5489825906904825,0.9362807607208488,-0.08721484767273498,-0.7959366095724515,-1.4281411438134712,0.027234617133524278,0.8518162040282233,-0.55965913977612
0.36665246884784713,-0.5887825694761337,2.1440344199449863,0.05702809186948142,0.4881785066215435,-0.35777942803490087,-0.228641273041793,-1.2011101916627958,-0.37171865019502853,-0.09606442551337087
-0.4308278879728603,0.41648675304986305,-1.1554383334234717,1.2946504330200612,1.1099431665544917,0.8664851845839298,-0.5051569476831422,1.6297525170196987,0.2505530547277607,-0.21943264317424152
-0.5219705214190431,0.9074873757159898,-1.0540037473979118,1.165504457282915,-0.5546219730420114,0.2635369953272696,0.20563303753316797,-0.490366659429698,-1.4134604413815939,0.5409390623251316
-1.5730737489732751,0.8698078078715673,-0.29229724572629084,-0.5337759553771798,0.05251112752684565,2.047121339619941,-1.632845488828118,0.13344222531446412,-0.4810009759209116,-2.031408866822991
-1.4730045011832549,-0.2871328424476261,-0.06913161765871469,0.19763435405417332,-0.12745335834482888,-0.43914158822920824,-0.08936968321023073,0.6946777946837713,0.5491798982572793,-0.3682753717248159
-1.1484914834434203,-0.020300221392228073,-0.3108837723394414,-0.17016096339665843,0.05963513999118918,-0.3581320585913807,0.1972924568259012,1.0227254180834449,-0.2624383915634757,-1.4496533617302432
0.49557473152330445,-0.379728998410547,0.16682548262249589,2.1747382751374413,0.5127036953899334,-0.5524224287568789,0.3191790793076053,0.3464045080105317,0.2756760957743942,0.0005938881395245076
-0.8059865730161972,0.43886671040454617,2.2493189075188043,0.6570499913898816,1.594604542559309,0.47829345850358707,0.3277043487492263,-0.862966208115625,-0.09225957677984119,1.1470813794795096
0.05468416219405593,0.7668556489457721,0.7817951179039236,-0.32653275209174176,-1.3676987452694265,-0.79475175023402,0.9169915451974507,-0.8326866611032487,-1.1631278551281665,-0.12980111697457478
0.2969593292404598,-0.25533515306075777,2.041739275675633,0.7170071732921535,-1.3723318261563748,0.729735573898964,0.9436216828603304,-0.8176878970982798,-0.8109301689533266,-0.43224676405649115
1.5682363596781799,-0.8436796234423672,-0.6454690554343572,0.9166310315533381,0.4770768585567432,-0.2317339031639311,0.1840443185104896,-0.11361130646789712,1.3711488127848566,-1.7859996282850517
1.4298009260188662,-0.06129762303569099,0.6997595762269228,0.07132334626681472,-0.08263519384769906,1.4415258004037552,-1.128565944255758,-0.49147199611371983,-0.34717242955979793,-0.15809268535012339
1.3049482473378466,1.9407668572004562,-0.37377232006222055,-0.41353732073962696,-1.1043458368979895,0.050189861848881655,1.2878386259634338,0.24447199888196003,1.7564009622267973,-1.1050646343098403
-0.25645130432652424,-0.5163321196688643,2.5007343856443813,-1.4251932840736865,-0.09887323844481104,1.1366557005555231,1.3823272342939887,-0.3480416090662507,1.1620570710402551,1.0941332842736906
-2.9989827768062924,-0.08813271663957886,-0.78120347824198,-0.8201035228081884,0.3017277271942644,-0.2925118132494147,0.4949244202893566,1.6843447605070148,0.022665660421066613,0.6515817191606303
0.26199554667808395,0.33213468746347,-0.7401083035681459,-0.038307038782965194,-0.8372446004597436,-1.0096789418564418,1.588522116970293,-1.1349249305389832,0.23645930470003948,-0.9665726111726226
-1.030888120569606,0.8845526365142851,0.015904039799036016,1.6708795401889873,1.5717587220781606,0.8080067590628113,-0.9696625945691849,-1.2318110010903718,0.7626590809249711,0.4222687914959862
-0.706666042765361,-0.04766558690300269,0.8831896166254259,-0.1762936053302964,1.4328517695296996,-1.4024728697785778,2.5870420170871227,-0.8817462542140898,-0.3812276780130287,-0.16290228941336435
-0.2111344011338932,-0.16488678006405172,2.646805222996666,0.385349797111174,1.376199566190818,-0.6278114976996394,-1.281561220727622,1.6991759695079747,-1.271968517055788,0.7772692554405354
0.0810511562124249,-2.765318798069881,-0.43747346262403075,-1.0000650406211569,-0.021023771765100757,-1.4184159983038038,0.01579718629486305,0.5262091210662737,0.486786502247053,1.086950658838022
-1.1471486764549863,0.2902030658948361,1.4840527337721536,-0.08764818045826543,1.0342988294045146,-0.8427560132081032,-0.6064658140549403,-1.3375677934853776,-0.03907235363925928,0.30110055935923774
0.12619965460503307,-0.016657827429206844,1.451808380447031,-0.4116660769907206,-0.493530187042093,-0.42933635561581446,0.37939087007617556,0.8297250467874329,0.5608214976940232,-1.4367824560638611
-0.8052096030528181,0.8518809070074194,-0.657959182650375,-1.437781061109014,-1.5433065893846754,0.8475199835930041,-0.17130427265180606,-0.1822587623169205,0.1162133396896914,-0.013422594038273367
-2.0115940336140343,-0.48468139741897337,-0.26619511216428743,1.3149294197081132,-0.7539929919306989,1.0879339835950268,0.11015107334137007,-0.5541486794256936,0.005387406920246476,0.7882374302016197
0.4699730915118352,0.1593845821852164,1.2409588609089441,0.04291697181357406,1.9562225875338757,1.008426619336374,-1.5380606613571484,0.4243314205233344,-1.8895282348449054,1.143510038012396
-0.16083203071026675,0.9074722132717067,0.16228723401230724,0.529982156784674,1.2317014815355583,-0.6160285046275766,0.00617764622433916,-0.298635676228152,-1.078825324899694,-0.49596861553402916
0.7634766435856586,-0.14444612811455015,0.053145852235825825,0.6365317554957115,-1.4701167560845785,-0.06711713302714956,-1.278055500789205,-0.6076155931167327,0.5183877301512448,-1.0262593115718945
0.7303002481741789,-0.9612040536711189,-1.4521206213727975,-0.397736536416454,-0.4736616760675101,-0.40164760474299577,-1.899863328034154,-0.008814104794752827,0.14280102330525302,-0.45714873709642384
0.4569848735155275,-0.34590313895576535,-0.1505491377856773,0.006607038703787824,0.9879000696967031,1.6737881028738375,0.7291708243260788,-0.12348747324683693,1.6779987137725039,-0.6928641430870688
0.31950536575892047,0.16181812877168866,0.09377553357989817,0.4858837454818247,-1.0879369778132135,-0.8681575042387955,2.6280987372573597,-0.2355951444216911,-0.25211186120640927,0.006186225119174063
1.2125563012674114,-1.440316162174729,-0.48275285232798676,-0.4360899582887635,-0.8931761386420469,-1.4150469641509809,-0.7714708632338797,0.43936035716153343,0.0989920665663724,-0.4466767332866803
0.20348255124902145,1.5869485747149048,1.6109030568112725,-0.3466793331652411,0.7269193231334841,0.9809806234723284,0.155767376265445,0.41645532157143167,-1.116202931630467,-1.0982093406198463
-2.063641695705041,0.39173805448870597,-0.6075949719458681,0.5268901764834876,-1.6344623500668676,0.11614921064967447,-0.5267808235490893,1.8190293826199673,-0.29608755724177593,1.401736043311625
0.9856779266049062,0.822955163184939,0.9588943248053858,-0.48616158490364475,-1.6348839678558993,-0.060125351341779446,1.8997201473904382,-1.1794266185114741,-0.7060787538289399,-1.4051464039282353
-1.2571470253808779,0.4568209855464966,0.09691306654372352,0.8329003412692847,0.23286580196073817,0.5493655694940505,1.7627511885876732,1.5929490017535177,0.24033859734555255,-0.01815553631208538
0.9467435187165137,-0.2755553720508566,-0.15696068532364943,-2.069109812252263,-1.4211083026790932,-0.21912136747995764,-0.8078199727141157,-0.03377322061631876,1.3825930046706776,-0.9373892784826211
0.07010410644984587,1.9697669813115186,-0.7202957132152662,-0.7480540344613716,-0.2240308113516248,-0.8290633319066741,-1.053505236570996,-0.42410133375229925,-0.7048249206445633,-1.7598336559777916
1.3475079270632322,0.31419054826072124,0.42921382387702145,0.9813641184559888,0.12075847139145293,-0.17124997621424318,0.16778601064918044,-0.8764253311451652,-0.2772277399444902,-1.821901721406705
0.27237397800763097,0.14465377937400428,0.6412573258995156,-0.3789018140891166,-0.13557671829495058,-0.1157930270088962,-0.2399939607093904,1.7157710061269724,-0.10187631701204548,-1.8453597915861828
0.9376212877228606,1.8894224491366791,-0.4082845952530384,-0.6661146810390411,-1.0084072821463888,0.6286813014224478,-0.11638653063079586,-2.5565854371695944,1.4317075712748675,0.9716116630902736
-0.5392314088423216,1.0228952239042013,-0.6647748316618448,-0.5026133955766596,-0.6331759809257037,1.1826559068355127,1.15376443400375,-2.6363175074506753,0.655686573291061,-0.6675914659683183
-0.35287137591073364,0.1145197337114812,0.7709757985056118,0.21925429680449532,-0.22610349217625586,0.20362798513887048,-1.1348198377573615,-1.2426363230200637,0.058227346053564645,0.8158364502524953
0.6677518769988942,1.5430494562226964,-0.6269444684189908,0.977233487917558,1.5875545518034648,-0.7413244704231744,0.9421359174564747,0.2041814954318426,-1.3161270355616803,1.1899398588084111
1.9604217958019825,-0.6105246170046827,-0.7898891028899413,-1.0053475697677299,0.25081420891406214,2.164995956476149,-0.31920421708950397,-1.959763724349503,1.0642808102963113,0.5612920870884404
0.6285544556058505,0.34627866191572315,-1.1052676622095559,-0.5939138124483256,-2.470921740014313,-1.0506045908725585,0.08301253660758447,1.1005588459915474,0.3501500207456448,-1.8406136073942054
-0.23188479916439642,0.36439844304429153,1.3369560089290553,-1.5091464929205414,-0.29344588320853876,1.2846333627397395,0.782447626721999,0.17168014577032173,0.0165281643120238,-0.5859386979731553
2.6961376160515247,0.30826299102486737,-0.3028371548509942,0.9288019604445723,-0.12829378855866394,-0.8750484825499055,-0.4083066318143904,-0.39860756253446344,0.4283654045130784,-0.9950506253504093
2.3620744127338025,-1.134544028579881,-0.4291687946110021,0.9165026663721121,1.997015878239644,0.13270767629949842,-1.2021228669845152,0.5300659373234775,0.41541630901090826,1.3937275194180159
0.48329578931364064,-0.9698231002714496,-0.6403048788811878,0.08857712810362876,-1.6591292199878311,-0.7038721892058509,-0.6623425345589596,-0.9852467321835182,1.6302286925646992,0.04211726042518921
-0.4375356305063914,0.11489848456584144,0.46629176737349515,0.7544451571629114,-0.16634997051617312,0.7504350555244585,0.6059541789334786,0.41610936866408,-0.20560834094131,-0.6117469361471183
1.7221352348466947,-0.5746586160926402,0.6075656292310896,-0.673229114551229,0.1896362730777867,-1.3435956604181016,-0.5005783881535896,-0.6507625843318169,-1.11221746787825,0.16531635231009828
1.4069750534803347,-0.004365455965531208,-0.4383580944238259,-0.5265108280142412,1.4508674936046306,0.8449815929398321,0.4783943991221353,1.1179023951888618,-0.09244446269310906,-1.3090847045402425
0.7485082898854094,0.11392137913091475,-0.17020118411399857,0.15055794515290158,-0.12012692168348031,0.7148918227882175,0.751200494385017,-0.04343996338844907,0.3810936608217837,0.07463241536727218
1.526232174308065,0.4990283332542244,-1.157624134053385,0.19674733290591337,0.8320711108618075,0.06773671371123838,-2.250627363299797,-2.374936547489425,0.21334304222930522,-0.33632966388278657
-0.23794809817520834,1.200071379295957,-0.3767247129968143,1.0733544712572762,0.8511510888761424,-0.45716400042814337,0.9781419057735359,0.12726499286472084,-0.3013139951735468,0.4505018469533254
0.1600192848270179,0.42787706382794943,1.2544090564369976,0.15344097078297483,-1.3125775884070487,1.1981240308986847,1.6494042621437548,-0.9714120371007151,1.0062948416309476,-0.2906575615086325
1.076314215707363,0.3677153900365831,-0.9170377912232895,-0.21668652507054148,0.5557114422940771,0.0943046216503908,-1.5288540498153476,-1.029710720247479,0.1680703767799972,-0.07998307158323477
-0.13190749970559393,1.358440595395517,-0.023606275911991756,0.7143486633517594,0.0507884605437224,1.2960544408237205,-1.9782953309143372,-0.7647430873109367,0.023828038340057086,-0.5537515739068483
-0.7042515528374105,-0.18105128705707899,1.3022553031022255,-0.2929205324920344,-1.77120835513798,0.7860006990692947,-1.097228233233697,-0.7695832786376149,-1.0025235550315281,0.38665448176573675
0.6209581804809342,-0.7990262429230222,0.9912207466563442,0.6335605812505525,-0.10319004491894473,-0.2491590181279872,0.39512686447620554,0.6143735680226661,1.2081125878421846,1.228465043144778
0.717251053198417,0.20862526045404223,1.4349085168791536,-0.7096735697477934,0.4661513529182244,0.42956381508370756,-0.5570957856284603,0.6436226776297784,0.49344086100973217,-1.0368635465269211
0.4735444686627272,-0.42567307942552884,-0.04433750777768423,-1.4770520953180233,0.6452750721153567,-0.9459302690337063,1.1233124449256482,-0.9051832404881528,-0.12572296913161196,0.7863922590441249
-2.004256009395587,0.4157225404377778,0.9315712427711111,0.11698606420133013,-0.2821762130319429,-0.5698533672047164,0.9071019738486312,-0.021345990261130883,-2.1738679385862083,-1.5519824374480307
0.8011848473451065,-1.156933410246819,1.2140212159851957,0.5425908792230172,-3.4888492328757885,-0.3014309800597414,-1.2713775458419403,0.30007303562274495,-0.32576571096606405,-2.271176812186559
0.9312375696443277,-0.8850370416921204,-0.12927475976926683,0.14069421412379793,1.463215745476128,0.8975459389803587,-0.411633813776556,1.1226774152930905,1.825898990000957,1.0330291638038611
0.08025732055344947,0.6472398926117224,-1.2184398144399327,-0.22371326736496497,0.7748682919277546,-0.04344639845012736,-1.2347578888227804,-0.5544662684203816,0.08079004964174417,-0.9268009674244653
-0.6049641746854172,-0.5873975645747649,0.21126515561998258,-1.3318513259901574,-0.29257814996075615,-0.831495056758569,-0.13332473098968792,1.7593572766535777,-2.0722758854930885,-0.05288144188998691
0.4535651623841495,-0.8182522077252797,-1.3403951951312387,-0.2518548447067412,1.2223887012060923,1.7933008141432587,-1.294485950793877,0.08404830461163489,0.17833796071815877,-0.008320687555152457
-0.15187381829321708,0.15243064998153524,-0.8043695135416747,-0.35416727279602866,1.9687046157897026,0.36257966886229287,0.9089872389018414,-0.3305380584184152,-1.039507765897029,0.220954437778954
-0.9481145395377969,-0.11594279463760188,-1.0295134190965154,1.5927385542677914,-0.3616033695898881,-1.101483755133529,0.9691085428740853,-0.2952341007662343,-0.7221638144884208,-0.5939798173674018
1.5002404345413705,-1.2300310170316715,-0.22159367988403228,-1.2367118947008575,0.5123071633140464,-1.0516939266427112,0.669367139049146,0.9416829408848668,-1.0496537120629255,-1.56241100992198
-1.0558862261187043,1.0177168137639052,-1.1091052629627487,1.0203060765463552,1.1359691596528474,-1.2211671820314687,1.9936378706406146,-0.6938132592883843,1.4961645032777369,1.1203842034813916
-0.2657930272727221,-1.3477462871461523,0.5441128021893231,0.5542055610416124,-2.2778097573072977,0.9799496263042409,-0.21182560152749103,0.3459210683004916,1.2066419059467028,-1.2206355457859315
-1.1114363252692223,0.6218105041201643,-0.21008180104205318,-0.9273110948898323,0.6241067823102106,0.9458622989806039,-0.5584562944623501,-0.30821438641475457,-1.0297332986506473,-1.4637767756763964
1.6695940043846977,-0.2830584112603454,0.8167112705178,1.4377425116437996,-0.22084217252870939,-1.9466195801970707,-0.057577397609051305,1.7157473588349863,1.8151721354664596,0.5929581099212891
1.45717788753891,-0.6635203003172603,-0.08214811595448618,0.03864546147534315,-0.09822723137995469,1.8125802397159048,0.12442542873981297,-0.4010975823576889,1.0984995432110822,0.3197290840196053
-0.8800155543741088,1.8838272242128542,0.6188434766691054,0.2730575161200708,0.18093141795232387,1.2994762638401929,0.29566074953294924,-0.9284976083844664,-0.4261644690936805,0.7505751122460367
-2.3256488802404456,0.7660685026946308,2.2042724350894547,-0.831048608537609,0.19212714719058185,-0.338620327415609,-0.11565585179453279,0.49739018036657395,-0.8743362111515347,1.8119283005127504
-1.1210233618021805,1.8501324641141,-0.858893840214471,-0.4449464643694761,-0.7217132576980737,-1.2387408109151699,-1.6145688003898682,0.7578269148260587,1.8835056174370173,0.9242602712878194
0.7927377398657511,-0.010521907365728032,-0.058504939373279406,0.7765492900518042,1.656714489799092,-0.3405828277198575,-0.8939005574143101,0.9082728468976508,-0.3650502501473862,0.20293669032225883
-0.9114998669237759,0.29904238686043716,0.6466799339246314,-1.8945561709254806,-1.2363397341083615,0.23628726920141818,-1.0553728327400331,-2.548033569848469,0.49020635718347705,-0.2091486417622974
-0.7757873128373087,-0.1757745958890606,1.5853785058911238,0.756303438728442,-1.452626805671764,1.1706881198765067,0.524337808841762,-0.06245453741063046,0.022404411343433846,1.9017545646934533
-2.766372806583903,0.4982014104153917,0.2785561955135657,-0.5523955321442707,0.2976936459491725,-1.8314608453259098,0.654423241377392,-1.143968364966928,-0.4772140449847607,0.5316600505889266
0.2154224211031499,0.2069066390418515,0.6533348335053296,2.6426398616062423,0.4409318160752916,-0.3967357242274231,0.04061629070485424,1.4876570476487176,1.4360251345012298,0.6874843477987942
1.6307264957734968,1.1466415389843627,0.49152867546525575,-0.905252924017537,-0.710676146707393,-0.4942044389113483,-0.39442628733950774,1.2072420056137902,-0.4904574339918927,-0.2918144527700699
-0.9125956230602363,0.715995264506314,1.2525516167525073,-0.3679450966741671,0.7288976803328152,0.36300555941162144,-0.7897958117467916,0.8310144513582616,0.34643945310499624,1.1769250610429307
1.4685746815022056,0.7974710160833859,0.6398983325239193,-0.603185524081145,-1.0511725860190249,-0.30155217204850565,-0.21944201788792375,0.5724165507868804,0.42858138022012426,-1.7919643083858114
0.01756703165014097,1.7457985429014842,-1.3147537250415786,0.10136145384825133,-1.5235731637995387,0.14196145481306877,-0.021473837196085217,-0.02062736809348538,-2.186889325501862,-0.5081888590818466
-1.3779436451238545,0.6085525481565724,-0.14502726465645221,0.4750747646861693,0.872446078636892,0.007006320469114082,-1.1779940190680973,-0.5825042824193559,1.806124890492826,-0.5108276689299962
-0.45129094495941796,-0.5863511635479276,-0.4024893809898493,-2.0558412103017143,-1.7006233775549902,0.8074749105412099,1.875684801451032,0.10999912581247567,0.9064053973336496,0.38432754993480417
-0.7989156802986693,0.3415620791639022,-0.11863808760654525,-2.043495346995259,-0.10701702729465391,-0.3888947269045315,0.7484782152978471,0.20878372555284522,0.014653719956947558,-0.11670257977226105
-0.34990943780110556,1.411331643040774,-1.1168021157282368,-1.6982306849754476,-0.31708249623421547,0.7910740191702191,1.6042754151015102,0.4805399334296298,-0.7201407281273947,-0.9605463999432033
-1.7854233413268916,-0.759437237249064,0.17406095464583982,0.16606846173308284,0.09355610889459348,-1.2905647386143517,0.14334695859688543,1.0668434007882435,-2.4738466723251413,0.1715996540891347
0.6668602165651218,1.2717506362241924,-0.772936144770142,0.2033768778016458,0.13281192943541192,0.9230069696416785,1.0838392238280017,0.6294713150032626,-0.027722055040588365,0.3020758664593585
-1.0884400308978825,0.023911696262120214,-0.947026412362616,-0.5593910646192949,-0.12174410418165142,-0.31942309588434453,-0.8528147799185131,1.565739382429085,-0.6677862223498614,0.05900480138369495
-0.18289033050151374,1.127402038547834,0.17471073607338466,-0.556524455440479,0.6320725183618973,-1.6338502591470982,-0.9982257823159706,-0.4391753312880522,-0.2290098437439534,0.05216398258821766
-1.4073507474489806,0.34441377553761704,-1.0648824583504373,-2.0935977158929764,0.11283692608030911,0.32848306837566876,0.3245715314824519,0.23723618000691532,-0.7931945801257215,-0.5124751743556881
0.17390163137643155,-1.402408453298158,-0.5043803322335445,-1.0802262564383942,-0.3026525775009474,0.09893112955073204,0.5645322064870899,-0.9105248146290721,0.0227658659761844,-0.9321852243502542
-0.08878167982226959,1.0677607775862168,1.6925118758007218,0.13947289179789513,0.0046009535768266946,1.3916462242331902,-0.584001193229177,-0.5461993786434236,0.7755476245166636,0.983286681415728
0.43365174414258906,-0.2602640415388981,-0.3045130745350507,0.20275325494312732,0.5522289738272141,-0.829391946727988,0.5461505480548079,0.8925791206434115,-0.5470667033986573,-2.3102595371533017
-0.3861454855272097,1.1338484432845966,-0.44589024106172503,0.287694925926733,0.2886538302122943,0.18830363514412457,-0.25465033366410494,-1.6406425265389946,-0.31667197754571896,-0.21208427305841837
0.49180243028247733,-0.1176380788113943,-0.5023450811420344,1.6448029264457635,0.24067058513434136,0.3540933855452294,0.9053408771011302,1.078880924086547,-1.1178703469586309,0.8558844864291231
-1.6872060754122775,0.4537210854125803,1.5972183225402932,0.3506326622408673,-0.2733223121778846,-0.061342819069510245,-0.1252012415448831,0.541613305465689,0.7110109369074123,-0.7526772010580427
0.9031596638674605,-0.7913851677765429,0.2885207897203302,-1.7206028416936947,1.431417210850854,0.5631893892268901,-0.0911993570550225,-0.7793195755029503,0.9579038759569394,0.26974742688601044
-1.1186722594213292,0.11101903630781165,1.2644646660839172,1.1965064823640457,-1.1489743570155107,-0.5617827932449646,0.24687601689463226,-0.9388989845876776,-2.134092538627951,-0.4418364464251487
-2.271490880014013,-0.3961238856881238,0.5102705282029406,1.3983759203429877,-0.11888968584425777,0.42152067220881745,-1.362104742259577,0.5556927134928453,0.1698954033448721,-0.7325329230119528
-0.49115589103775564,-0.1892940411186584,1.68990015165953,-0.10820137872273837,-1.1217089956658661,-0.9117132126422193,1.033175080759528,0.2949508846157173,-0.0867229541607661,1.791380210554591
-0.12845867153162555,-0.49332377308090936,-1.0440038766238875,-0.601873865278212,-1.0538762280258827,0.17026050603703574,0.2579020234660102,-0.9437604020850185,0.388332055196307,1.1347874381228384
0.4032832144281084,0.39059696776008257,-0.31285766972284573,-0.5474437819351214,-0.1255174330689207,0.2395303963627831,-0.20934440950760666,-1.425265448825892,0.7561637383447738,0.8546324108084293
-1.3199862404419966,-1.1766393450559258,0.31355711225356264,-0.2040667021128613,1.4339945651410078,1.4147172692992138,1.001270231011561,-0.8819529410394263,-0.41299525708690965,-0.22383922760884295
2.0445736428946844,-2.046248413395221,-1.0774414199238318,0.2283705556377801,-2.589922372927649,-1.0199561333272025,-1.2555934710892684,-1.1381859417944433,0.08958293601929787,1.6667395184870326
1.1771172540789197,-1.062436914020597,-0.5811882822008507,0.7096082017596098,-1.287228883858443,-0.43347919399921525,0.7425116086655005,1.1768180298746045,0.05086424049705272,-0.39244268033354535
1.776577372892967,1.4681127770178182,-0.43900606087552013,-0.14893321664944478,-0.4705463808537279,1.107021768175025,-1.2888153572386165,0.49701282207825354,0.6961126194403466,0.03974514836571177
0.009044971232051722,0.42401858413328825,-1.0307214819875126,-0.3377834577249961,-0.07297341512490858,0.6049192825871514,-0.9422277885094941,-1.7179593957854713,1.104289214844235,-1.3235251110151822
0.004265279294610703,0.7023799658234995,-0.4217738559968274,0.18410688418069096,-0.2531788300232242,-1.2078164284322719,-1.273733591629733,-0.04006951216190457,0.7159733886026417,1.1220098110410446
0.9549483423603368,-0.9560172400625682,-2.5729861698408087,0.29101103880768775,1.0996285887515544,-1.0909410714143855,0.6794309362153338,0.7212781506413167,1.9763252611021722,-0.32716572769240104
-1.3877392644087376,-1.1942349322627663,0.017369412524447143,0.037142522869560164,0.21680500732498914,0.4559085915048138,-1.5361569713250205,-1.1172056034757185,-1.134722123436797,-0.6824985114375087
-1.9127728922521174,0.8350611446578149,1.6380614997382645,0.1874555531560928,0.1414364871176712,-1.5950745399930537,-0.10418943631439315,1.3043096620186185,0.31662134220195076,0.13263109765457506
-0.8187695294080011,-1.254280825634405,-0.8249530425617134,0.4325927310706958,1.6307197819515673,-0.22492495632742818,-0.7455010261473677,-1.5618281569164374,1.4637175540873288,0.8087370039805966
-0.26425704980415055,0.1543803096665677,-0.7366383464911415,0.12748356128524121,-1.199538747076137,-0.6398385500873497,-0.8166541146931346,-0.04817988523152097,-0.5597356534810229,-0.6448256636749549
-0.3835182835916297,-0.3576052100381421,0.2205824583883945,-0.5256982949851524,-1.4347850915968077,0.3373111861818238,-1.7104335701854063,2.0947547450373207,-0.4395609243703526,0.7241462342219359
0.0664858594046537,-0.4202598482900861,0.04579553172205754,1.2183776847816965,-1.4292345907834905,-0.5387230101051336,0.5127387697906765,0.15141358902946309,0.7293628304738928,-0.30914800067314874
0.9654270704337714,-0.6232168123282134,0.30577517743664223,1.0389540660348873,-0.970306963621051,-1.9445201500073224,-1.0731786401245496,-0.42650697480639926,0.3540945651194841,-0.9649784567857952
0.9677963035501661,0.4553279280445495,-0.24858579991292645,1.570421750531894,0.5088360431630993,0.8471569833794562,1.4921314647741537,-0.7853524556971508,-1.1623250928602882,-2.038006987341373
0.9256549943802637,-0.38981465913814656,-0.965578125812385,0.6610599272002736,-0.6185421028576706,0.19820391168796048,-0.9016612273124722,-0.3343157819606832,-0.342697809543784,0.7006043227717632
-0.14210419992336348,-0.5644130428491217,1.1964290101554378,-1.3798087472014713,0.8776622965951967,0.5524609826344409,0.9665444056224514,-0.23361198704279823,0.8809951699503407,0.6253474945893012
-0.591013985173452,0.37565634948447535,-2.6702618455419564,-1.9798202634718742,0.09975760348202678,-1.0958599244460856,0.44695285142424657,0.22175407755814316,-0.5459417895684882,-0.40692243628066754
-0.8978721966092243,0.7623348184262028,-0.8193811114503655,1.302883445219826,0.06496718697485565,0.8644199587250375,0.8230910788429557,0.26102835061177465,0.4247257398277173,0.4186646563116329
-0.1537393246125993,0.7901897937172004,0.6578661491086364,1.675101062153587,-0.4364110860892396,-1.4836772033449792,-1.6151807733193302,-1.225351487491362,-2.879437892201486,-0.7777433866903601
-0.03836306007246087,0.31250673277630997,-0.9475107604930308,-0.46688435413450774,0.38332924325998363,0.4913864077399384,0.8055617887588029,0.8467437201942171,-1.178035061015899,-1.288450702693553
-0.4687385231634608,0.003222077458691154,-0.8065556495366711,-1.044942285680394,-0.9718992118544802,-1.112319393582763,0.6671918846964773,0.45595587281479444,-0.8305163057305102,0.024497795304241957
-1.7228941168071101,-0.40255381378516153,-0.30005831608952516,-1.1850260240938664,-0.7023308618527473,0.4448608316305237,2.128345244375086,1.214217008089198,0.17690049024873897,1.0444388042735773
1.3173120003679,0.14043408493587237,1.2722122971894305,-0.9480886028234332,-0.03939570873256613,-1.3122484898348206,0.9953657986680005,0.7870772621779369,-0.5938796979535739,1.6182855816051176
0.8167828234293213,-0.9398331695337292,-0.8729969313895336,-0.09197134216820248,0.2309486285929054,0.19436796062094702,0.7202071584132881,-1.5832062704700824,-0.014866304409068382,0.0416219767508321
-0.722285770386925,-0.6117223751487374,1.4180020101551976,1.5425100707116444,0.5966286973537731,-1.0863830496429767,1.3269805006863562,1.0644626415562297,1.0575827603327326,-0.9942757872076646
-0.2848753250928293,1.3219670215809536,0.6670459151886698,-0.9634492205646339,0.9107350711320836,-1.6166114641509841,-0.7795731392467676,-0.19906067253217685,-0.2808637884349949,0.48970247450118015
-2.080830182133275,-0.1498231175285076,0.5345279379545438,-0.8998939267535657,-1.226044902585255,0.7457844410520933,1.4176568185203728,-0.7986074611404289,-0.370560844356697,0.41341677222735207
0.35160782963402726,-0.5516185228071269,-0.6099094295168433,-0.3204099108816818,0.6462321125137483,-0.08305416136589738,-1.9863276303311734,-1.4602059890610628,-0.894423838477793,2.072420221887268
1.6645093764304035,0.21712491535995398,0.012361200672930686,-1.1125832469001204,0.6789073073807917,-0.2659583365697698,-0.71027191149253,0.26850669593613097,-0.5879944066697036,1.516501449369303
1.347408271378664,0.7733693144514734,-0.4044314888212228,1.567194254122884,-0.40709650096857913,0.03593285863118145,0.6424346090298871,0.7148789834860396,0.21519423741605542,-1.5997830952035592
0.4304038437091821,-0.3794333023188706,-0.3286811149184031,2.335733242860668,-1.0950997077781268,0.2981403464029775,2.0047158577490096,0.47935213876071786,-0.5518914021894289,0.5017249298629078
0.3622094264513078,-0.323097456555703,-0.07324030857769027,0.7334528285656671,-0.4834528850373246,1.4242977358182272,0.7458031598590903,0.05565138530345986,-0.7850105000855297,0.28324741599302805
1.6850625113136426,0.8896571574283054,-0.6158079087712052,1.7381462667213403,-0.48665639125278454,-0.5084926477089742,-0.22555223804771113,0.4291477150230031,0.471906590883114,-0.20008775380770236
0.3192842056692462,-0.20077052964072198,0.013106954135786822,-1.8611264807044137,0.40155323722047764,-0.5500023164992917,-1.1557868884400795,-0.49505240389761246,-0.5604949029689629,-1.1649430997950943
0.6466150751525118,-1.7491003366936662,-0.6424670607797138,-0.9099596928561553,0.7276624498184958,0.36778880967113337,0.07692379263639006,0.4107242162989688,-0.17798744508574338,-1.4624183425879465
1.2305473851087205,-0.1345643618502208,0.8320935394988958,-1.3714052518151156,0.08777260836404714,1.6081045270385028,-0.5503032948824479,0.9803957705489865,-0.2459327212253786,-0.736448251447941
1.722353934014688,-0.44856767420089777,-0.450223148340694,-1.2427460470383285,-0.3007300498778376,-0.08599432238922651,1.0371598039509522,1.5733966453947155,-0.10749796853642422,-1.139903930481249
-0.1291610486289711,-0.27694326519913304,0.9782500398073611,-0.8181046683442517,-0.610243917503582,0.2789372230272698,1.475195183984299,1.166914978500928,-2.07970861169619,0.2554988883257677
2.755961678228474,3.169859718529677,-0.1505309887192109,-0.004570330952170785,-0.03489270090093153,-1.0259037578062622,-0.2731367744776403,-0.8425596027690639,-0.1599437480957585,-1.0786628390565678
0.19647172139332908,0.9441795871785968,0.45383988782346146,1.8251763831152075,-1.6735694905521479,-0.7926874732861849,-1.850506918272605,0.857069436398194,-0.5979134520432615,0.11782051508224024
-0.10932053588988272,-1.4818539460562694,0.25450308843951763,-1.5233219829505154,-0.40829829053718947,-0.7710845681120269,1.576584658316907,-2.1615430099988355,-0.8573162282961686,-1.0139515635778777
0.4693094369271198,2.0617126458992363,-0.6898261263536455,-0.48880029157914384,0.5364882200704317,1.914748398558962,-1.4960852579912878,2.0008887290042363,0.2561790157159103,0.589867114589746
-1.483950149456553,0.7508885193287685,1.0900145362849818,0.45714878482175997,1.746747697636554,-0.39131188246584464,0.23048995859268578,-0.29986039322467195,1.3746999925416752,1.0469819290935307
-0.5220380079391539,-0.4929311688951587,1.1953965728007894,0.7302711040695792,0.5036510890429882,-0.7718245890061188,0.2202184706141402,-0.26052626296406045,-1.22766679445842,-0.6764199736151114
0.4721835541957826,-0.1440270252004211,1.1025415228846371,0.4775788838013627,0.43492583327867246,2.2699413297001167,0.3661771385856672,0.3198546953140918,1.7765399943429143,-0.2229236840496285
-1.9550991481866946,1.212494771263695,0.08484990817208062,0.07121231228357702,0.4615833660321644,0.4140248853487207,-0.38172230952195735,0.965878126619192,-1.4830940981830303,-2.402845927525143
1.4869366320431068,-1.69866895110359,-1.0859533640301098,-0.45791502214814866,1.4637469576147655,0.7716148151123089,1.341377527440287,2.199893961946884,0.25064231354788197,-1.860728078506509
-0.8063736963770888,-0.03199630757066601,-1.6235315842562934,-1.0696064514840449,0.35657928805953415,-1.6137025106640401,0.26641856786948415,-1.415570075270304,-0.5652748792508349,0.1678090675003243
-0.9561410287875304,-1.3783620715022895,0.8055221615734692,0.7288856703809564,1.3822079661177682,0.6008076210317151,-0.12794204758666122,-0.7502969815694801,-1.9719213580032815,1.2445855556220276
-0.38497525323307685,-1.541173493778691,0.26133090445630996,-0.6067322274916414,-0.11484741479140219,0.22153427134268464,-0.6774536860907395,0.35770176236254714,0.552639599911292,1.2247136855554779
0.8894513153250375,-0.9114911997560755,1.7484885928109004,1.0679181482719242,1.5193499940024862,-1.5449428154825453,0.5128726500481599,-0.49901040513243494,-0.9753504986050947,-0.46118221658911
1.1028520631463614,1.3602957779242049,1.6843056424452933,-0.8851756422324106,-1.3757219361816415,0.06892691994409855,0.41230755257173074,-0.06507821844005515,2.0559369843157906,0.44303988965495017
0.4645676758430075,0.13841224391098345,-1.5469780874543455,-1.3662095609317904,-0.24686886269280633,0.8225515744312147,0.6107341499447843,0.13733405172710786,0.6149685115343255,-0.22151203055613486
-0.44544760305396436,0.49389231567266867,-0.8370221033066007,-0.7264875859826354,2.0451620681726315,0.3642064827088472,-2.2712391076813025,2.9667353969674317,1.4026219541711673,2.0673579706818908
1.2810162582546696,-0.2410114651420909,0.6302398738236697,0.01172662541105869,0.21736424289332038,-0.3658856858372526,-0.2202673331263456,1.8427335919111953,0.4725608756521272,-1.357834160725066
1.7304577825780612,0.05881489112810683,0.8377094974416689,1.1950251494837911,0.023214224275663237,-0.10389406754106566,-0.22860213472856136,0.14951671136370098,1.0975436746642644,1.1322037183175597
0.2510231715629317,-0.007656081199079471,-0.15980905584028418,0.8538323740608216,0.4757758805803425,1.2367872247209977,-0.2326671622265361,-0.4590963809223069,0.2941420669969636,-0.8128504563306441
-0.301326660366911,-0.3974493278620044,-0.22777327149042123,0.41875670405845583,1.8548894544114793,-0.2469770602502254,-0.17530515230631347,0.9956691289468911,-0.5104428489249333,-0.8913110863026718
2.5736305534213977,-0.10631675187864174,1.60729907142196,0.9829722154025494,-1.3209159389351917,1.2094249379060615,-0.33183767821754795,-0.17917240470415188,0.15554287294023716,1.648194818870345
-1.1088162479255756,0.9682891831661495,-0.32678583893263957,-0.603064402209651,-0.8745290297568669,1.1928593998746486,1.07493262322737,-2.7379157911886476,-0.13452700566054362,-0.566957644595915
1.0277358638121632,-0.9953772690235291,-0.09236909893469035,1.3983773291684527,0.20375198963020957,-0.495593289793019,-1.1763537051543085,-0.7347571316659544,0.909549097990519,1.1053899357691832
-0.2312930246720859,0.2246204325061813,2.589800773588168,-1.295231015926062,-0.46865564080938027,1.5087262189230235,-0.927422907005404,-1.573729948404992,0.38614524090289115,-0.7532812895594462
0.6367230250018187,0.6618035820039352,0.09392509002476954,1.0026460860643527,-0.9964742893979509,-1.3337551563893035,0.1490860644610291,-0.9030243984337423,-2.3922970619461177,-0.3500061335876342
-0.977728266197254,0.714214305223395,-0.640821588509724,-0.179415757765339,0.3888001161741486,-0.1616682804677682,-0.662530588672433,-1.8112232986685879,-0.44979624352744096,-0.44375425356480924
1.6270062469708715,0.1507286719760069,-0.7666236788360355,-2.81229085310526,1.3006436507305752,0.2975669936529746,0.2307217147378222,0.3683701385567127,0.15572371079717318,-3.0737054361736287
0.13299931388090847,1.440077750017101,-0.20794327002895677,-0.5144063135251916,-0.3197713014501832,-0.6031545535157442,0.4286495603940828,-0.4015250076870552,-0.04555022923656433,0.3908011005452036
1.232321868075727,-0.8175506327350529,-0.360514770411834,-0.0381228226076453,-0.9160050995170934,-1.004650397398691,-0.945390670463606,-0.17669480286834904,-0.5546408028440014,0.27994791457221435
-0.21666427343096278,-0.9317960762314859,-0.7278979264998866,-0.3181941600617342,0.6582898712997561,-0.8961264669045798,0.4168925555407582,1.164584159347727,-0.20051315489795418,-0.17242255182751434
-2.5385648695386287,0.862673916488654,0.5696949934572275,-0.42873781996596116,0.013998234596087187,0.4375666443397709,-0.16164884382000022,-0.45354145800620144,-0.3081989838832553,0.3394280163431274
-0.5151727892217278,-0.9046874180549197,-0.8919393963512728,-0.5127184201899035,-1.086309894062412,-0.08690443335153755,0.6852355545917576,-1.16361658925546,-0.42442756152655337,-0.5598247569319723
-0.20003582905251704,-1.5582082512354978,-0.25463570153636084,-0.22204556569841147,-1.7039318507921433,0.5255879283700556,0.9390307804628373,-1.3039689125707898,-1.4347487675113677,-0.2716721640115483
-0.42438703764590313,-1.4504505915197938,-1.5391998567746246,-0.3920818614628032,-0.5506229392133358,-0.921383610220787,-0.21457359834943707,0.8657816648701883,2.506308261420522,0.3126443063084201
-0.2802092972753472,-1.4212378418561982,1.9549577341849438,1.1211415673667526,-1.1824375204574318,-0.9346900697215197,-0.3506955313792208,-1.0235718621301013,0.4455261886620309,-0.6863256135779274
-0.31974489317330673,1.7807602365299477,-0.31320769462137926,-0.09093733033927587,-0.37272134952942687,-0.9191763099486961,1.3152606259876787,1.3704029772963942,0.8301280793732759,0.18719428988017364
-1.678466431612032,0.7592281455813427,-0.09627624348915048,-1.7829695267097467,-0.2020349456009412,0.0077053712385114215,-0.9530261963653137,-1.215908623458746,1.7872503302609917,-0.27085623175886075
-0.4667790833413527,0.04658481788612877,1.1819637404245384,0.3825633774948228,0.9076952684467109,0.13506911160244672,0.8613505016994493,0.43558560108377964,-0.6708885546984442,-0.5308194234802528
-0.15917657307675315,-0.18426429022604257,-1.0384463805107877,-1.1184747613290145,-1.733248918739632,-0.6516225086400645,-0.10498087598421003,-1.216876116730195,-0.005926648199739906,-0.3660135527892797
0.8281952846068404,-1.3529512256912104,0.06963821406526835,1.4059013833992056,-1.0323492481855838,0.38979105806210484,-0.4559575145180684,-0.49834204737381244,-1.4791500507673567,0.8757632610636297
0.40297765495309745,-2.327299844298212,-1.5520941362900582,-0.4952357358654363,-0.7254182504818009,-1.489206059677444,-0.8419838491398086,-1.284131383760592,-0.22437332195078238,0.47179766207158147
-2.3116317709483774,-0.8313452036173078,0.2779460657250746,-0.6565964646056494,-0.8831783407751704,0.06466520432282345,-0.09645983144869921,-0.2544662477052984,-0.42539214001965003,1.2640941501450746
-1.0132836063983994,1.4832115768594107,-0.7616558399985941,-2.431270130819362,0.3227960908248561,-0.9732707173210946,-0.548568896793642,1.377725857709776,0.4811873253640952,-0.0347119816706062
0.09356659858539121,1.5331173187624618,-0.3740966451032469,1.2420178102368724,0.027265898637451054,-1.3336735401302708,-0.09714281104312401,0.23663896966343592,0.9744612127265506,-2.3211646301469746
0.07206080349931597,0.41368367608843654,-0.43853491962936364,0.40070807431574096,-1.909771706884229,0.1586526425009575,1.0835906163686264,1.3917103401603261,2.1970324430302797,-0.7501530551910989
0.5763777801132278,0.2171167162144212,1.3775594550397847,-0.2856191017068773,0.3487624676475426,1.2073029783567926,1.1692421470348928,1.4156126547600991,1.7123989791630878,0.35701482669555096
1.1581934887682022,-0.17599264642614906,0.3186771805010047,-0.45061795674234684,0.24598508801976185,1.1880251073959407,0.3983812799081306,0.49339089539094955,-0.901633121650021,-0.6143808392768197
1.4148527227711745,0.7160630823005114,0.5622884336481117,-0.9306520229557601,-0.033985942133687844,0.29697713126658076,1.6247054813251176,-0.13132726436302075,-0.9584629316226168,0.3039240022551674
0.09223922051449523,-0.31284848879409927,1.1267360631361572,-1.982163938770977,0.29525626529773363,-0.6960841618030478,0.9010183311501659,2.5805449854989506,-0.33497093501568653,-1.7843342972895777
-0.6855035002332431,-0.061469084179686606,0.5507114582701828,0.9995687760255951,-1.183759437949919,-1.3429011311844308,-0.35277767798726756,-0.4208536083602377,-0.5757156461319491,0.9697108149792796
-1.5497167411732966,0.6625257651023536,-0.7726915470229413,1.1452894978142603,-0.822327244054256,-1.9209193059412728,0.9084778638618043,0.2459278793418868,-0.42459870665135246,1.5828298027149144
1.184853509848768,1.6068819110612367,0.5037146586885115,-1.4583977625741777,0.8858627077154545,0.5615339879454863,0.24929376947762158,1.0268216530999446,0.1527435028421403,-0.517596131130622
0.3476546823598819,0.08263656922322936,0.42179880125224883,-0.4586139996081773,0.1751527699768584,0.5138193771656163,-0.9799213231890854,-2.03762296652228,-0.822786858300979,0.3999227961988528
-1.2247412370220805,1.995733440461054,0.6407229360597434,-0.4451969407035634,-1.2436493021258823,-0.5906972360645565,-0.01829854120901915,-2.8785554810013703,-0.09327241757852765,0.6542606170871103
0.8032869616603698,-0.8216255937787775,0.8529906690675987,0.881245044374729,0.24422332982935824,0.03292320631900216,0.6669930112353093,-0.7028682465560661,-1.6589029845385974,1.1247126341991762
-0.3881183433065666,-0.6678154308574603,-1.4160084632135241,0.08386164156946209,-0.23802701346425154,1.2446336956791668,-0.10111333887378487,1.7985122244122542,0.9376886056606427,0.6190167465367179
-1.0490891547308419,-0.9121907168799994,1.1560947076883865,1.5216881529078206,0.5111522693986893,-1.5018107921298602,-0.16970889556854454,1.0790487454817521,0.35441387037948097,-0.5004791233929633
-0.9213504312492563,0.712900506641524,-0.9395714253029449,-0.8543539112457439,0.015289213780947388,-0.2346377532399075,0.995952282836462,1.3974297068004384,-0.3173533729959373,-0.8123866197343089
0.10978108607639386,-0.5915074496197797,-0.7907715584409202,-0.9559307855217964,0.7739451732233916,0.7268546961576405,0.5911567521800187,1.4736073814491482,-0.967457322309668,-1.460007185723543
-0.6986022425194948,-0.21595054687056575,0.9349482844266517,-0.14282341502217621,1.7978630433536873,-1.0286593146748395,-0.22752639485573584,0.31997617203851814,-0.4171994642396235,-0.9798760401452763
1.0243078644301817,-0.657380336130599,-0.5313705961319399,0.5456564206152458,0.0815490779250804,-1.473343693125028,-1.479431818822859,-0.9863193613078504,0.3034831862641991,3.1821786793661357
0.15997190588906324,-1.7722186477310586,-0.17201829440410044,0.8977992052530291,-0.38577341568932844,-0.35062573960233867,-0.7273826009399497,0.47834915818047646,0.7600450543931,0.1357186671302253
2.075060314217717,0.25572837539796806,0.9844463615349022,1.263378428768923,-0.9431275451730916,2.297126566360062,0.11669561456342503,0.7684493948342436,-0.8734373644048763,-0.07908155343577603
1.0849883406371588,1.5027813520486135,-0.6777772787043241,0.07849785185220438,-0.6703298709600631,0.780181829073714,0.9731052933046139,-0.5792511969693983,-1.837938527517064,1.668168664158461
-0.5050794642820698,-0.3730761560916078,-0.05327704289375244,-0.09069122856518383,-0.4143304856588305,-1.5185114792936563,-0.023571793753708718,-0.6616465428767466,-1.1244777441082547,0.9796593769672143
-0.6653374895590247,-0.11158993753396906,0.18445788875437588,0.320873587400982,0.8854770583871112,-1.8572481678707735,1.5122609923162413,-1.2932309028354543,0.7579519349904967,-1.5229776091142773
-1.1687147112458833,-0.9286080098566979,0.4737456881016578,1.1944290219419889,-0.529803633363949,1.3504503070987024,-1.5573186902106557,0.2716964479810702,1.0284563284746204,1.5710055006782546
-0.910347430808597,-1.3131593460223765,0.46357147065023513,0.5270573661101753,0.21660011541775834,1.5500207364557423,-0.045927567146857334,0.6000414735497394,0.1475627450401218,0.7664081901095254
0.39501141245934307,0.24393908429507277,-0.617041140967385,0.1702184335123502,0.20774678744667713,0.5256462523746491,1.6702730421877223,0.14673840462738166,-1.1102307917991419,-1.8868081236378602
0.80892508892666,-0.42429148535971034,-0.29998681194138344,0.4034489769191007,2.1866763928755297,-0.23820352526566604,-0.28871959442944545,1.0863590290775442,0.4629031611482794,-0.3402491990029007
-1.0026843477573821,1.929128654301065,1.033763546382069,0.8946356252732255,-0.31164099585921273,-0.17472347380670644,0.39825285064335186,-0.9561309266645179,1.3253507394696196,0.4193907431804939
1.280523654830048,0.891766151627246,1.568340093466812,-0.40799600760467086,1.6537787403512512,-1.2348934097866893,-1.7568686869683274,-0.3801151629562492,0.9991365742734682,0.5457460089051422
-0.9292262162526447,-1.8173357132087729,-0.26292676415615535,2.022149902861747,1.7573043623806468,-0.9745318717506248,0.4934235406008153,-0.03529939338479285,-2.022516840904244,0.822082526917072
1.139838106517105,-1.735516066507652,-0.5526654700942552,0.7455366409045769,0.7959039838412955,-1.9193912980740293,-2.758202663648556,-1.0736871423118897,0.24565182386988207,0.050070443647268204
1.0749378224054056,-0.8880736407675668,-0.19497654084536217,-1.287126192536427,-0.47100734196911687,-0.03612248800510917,1.0820656697682867,-0.47511749378861495,0.2413337250298449,-0.34010940723522937
-1.304173757725902,0.028704123270305377,0.2886299835461668,-0.8289328424781667,-0.06176836254755374,0.16284867890986757,0.7757451421325005,0.9610952493617947,0.13507747301607625,0.15952579451553553
0.2633430553145753,0.3694052507659383,0.05442566650544821,-0.2513808724704592,0.9851890227289575,-1.1788226357982388,0.24889468302568243,-0.14071507415635517,1.6936538267694303,-0.12634807259407085
0.639715603594554,0.9469523767400553,-0.9616053819173402,1.2767279467714157,-0.34085019505031,-0.30418537945174007,-0.33446802593815567,-0.8717935836377154,-0.8909639689509332,0.6042125855691651
1.0800144551768804,-1.021580996028944,0.616044221271981,-1.157232255650995,0.5651406191203694,-1.3487589480206956,-1.6318991349720169,-1.6569449065908586,1.002604093066376,0.4462722976488356
0.24162818080052037,-0.057100534185665366,-0.4763199901336275,-0.019005300091852986,0.3002922376732179,1.4132289697857554,0.012617322658147292,-0.8582437692501889,0.6539701799686581,-0.11291576917321496
-1.1885057099958911,1.8195606071247143,0.503248832375976,0.16186964377504154,-0.021152358303931217,-0.504154321116721,-0.35123477074300014,0.018077921176774984,0.8101141804176093,0.7994105676146739
-1.019494395699839,-0.9177950710422932,1.7920133473575923,2.016951970540697,0.3316394538857388,-0.48700832761580903,0.25864812904695333,-1.6937391975350207,0.8743350646913027,0.03195818942623593
1.960790361612944,-0.19795227655349784,-0.978357874651311,-1.1681083580905147,0.4295252744373236,1.40271645394442,-0.21076971165011696,-0.7646552543895432,-0.2976644593500323,2.108034502466104
-1.760148782567308,-1.441104961127943,-1.8775389760529955,0.5756746236468073,-1.8225565574157856,-0.5825048920923632,1.6024853268458643,-1.7010738539992096,1.913559084045881,0.8017241788854063
-0.159850390677499,-0.5399825169968586,-0.6282879087906639,0.8685611275176277,0.8303436230737555,-0.14995923334198355,0.8642951622779419,1.0619095445205946,0.31474866326956213,-0.60317320307218
0.03548532017729028,-0.5059297259045019,1.3518291618977731,0.18076999220585865,0.9126056331576998,0.08270333107347902,-0.4364701635425618,-1.809927936900761,-1.0154597372829195,0.42470969220130206
0.15837045865281,-0.5913244803346465,0.2790609102009858,0.3834034626225589,-0.6484981616661579,-1.142735710529482,1.052830137173339,1.3510705576046544,-0.8513066503571471,-0.3745646347677526
-0.011033339533745894,-0.7154782139275899,-1.6805439165583511,-1.0734275485402875,1.256722160837541,1.2584248603764803,-0.6148801715136465,0.0536458401076109,0.21136278699741756,0.2082139282505003
-1.5294683339473876,-2.08540633659648,0.22868348665187074,0.038758037599301076,1.3423993857690142,-1.2435539070422639,-1.2380540714181605,0.08798418617246276,-0.11502314202514878,-1.2603736757892634
0.03371400787830601,0.35943821560039974,-0.21374436679688424,0.19169734009986583,-0.36545816756259514,0.4763480944004726,-0.35638661611074135,0.7709303994748322,-1.139942848255016,0.5051379652846056
0.977040986689239,-0.4605923385877866,-0.4562608136327882,0.07186203813856382,-0.7994961949065056,0.13801238424791196,-0.09797797176407962,-1.835482057450759,-0.6823147295973945,0.8320992949324811
-0.42200991469918,0.9116754867652233,-1.1093525895644984,-0.4718396192543893,-1.0130688950297324,-0.8260301085642704,1.3919279386979713,0.28824218111727684,1.2647050704589258,0.5677896168500841
0.7076929807552385,-0.22182309484304863,0.3010205286013038,1.474256952932853,-0.39109215626403887,-0.8321658394422717,-0.033749678921630694,1.538450785780957,1.899613314673822,-1.2583638164976372
1.6878943407041065,-1.4699307918004318,0.596745093671173,0.6309233497127427,1.2410292310578726,0.9218230784670488,0.9833833835762378,-0.5785994162492444,-0.34090929402461895,-2.431938710396181
-0.33629726374639124,1.00396125280356,0.9154186687590383,-0.9400198314190116,-0.9595993987122122,2.120947850819629,0.10655232609356441,0.657478011953327,0.4908282141675082,0.2001046796826335
-0.7964847475249548,1.0825020120452054,0.4226632664790472,0.21069786068785323,1.8145625136500503,-0.20492328126485734,0.29475306709640803,-0.5147394240202084,-0.7300653571165792,-0.017001914776149676
-0.42057363363701195,-0.003025766055026746,0.3441987550406292,-0.9970680161708619,-0.14977468925630377,0.5327237070531867,-0.7427105763398684,0.2949079778874877,-0.03141778402583767,0.21431039074188307
-0.6260610051023316,0.637069865767338,-0.3036017471549754,-0.6746495587136528,-1.0694182359394764,2.532146435662107,0.14660011984056615,0.7091912466278033,1.1016875108768298,0.4819016784136132
0.12038056588099821,-1.9749541752350248,0.12517234243069292,-0.1144216005599548,0.09470249892090914,0.42289730515589413,-1.1318703776581678,-2.7280711983676573,-0.8048974061609326,0.19001682247006782
-0.09475141164005163,0.3681277209995426,1.2750567658769454,-0.7835543348712529,1.0178268879251327,-0.9105246732823409,-0.5975849322596527,1.3688202212086202,0.5002745905413389,-1.7595637772147388
-0.8746720343909197,0.9556600515265731,-0.3143928811451345,1.005574826417408,-0.6335661681486917,-0.5318113665072149,-1.161960150469975,1.5626507913506247,-0.9141957626800407,-0.555305219512814
1.8377775888521535,0.8686104519875828,0.7436650127197811,-0.20832136100821938,0.5219273883115266,-0.17469162701021212,0.8839154520884092,-0.5733590608888282,0.7601613449266473,0.12085401037652153
0.911821809989245,0.9241087748852137,-0.9354264486087883,-0.6336133209824117,-1.5612875663171215,-0.9013987198643207,-2.0360623304104353,-0.08884098951448076,0.8154099082999192,-0.47757549570582913
0.8888333714536535,-1.0005556254450751,-0.4864682653638092,1.4058606601771841,1.3851582995544927,-0.17470203348555913,-1.0167759351702195,1.0751265171030393,0.725535940717278,1.3947056580879953
-1.1649992957161246,1.0118822167590136,-2.1278443733378394,2.0786025280219285,1.5431923948973412,0.7935947779423853,0.294563541515684,0.22639954416812083,1.4417374576110684,-0.6931992290413067
-0.8102254803932892,1.281755506922093,0.2516241234104364,-1.5985760681520358,0.9863847873785834,-2.4433794882553723,-0.4137884523839099,-1.9935398324802052,-0.06751639665321053,1.5194181381625091
-0.790940168705239,2.8195655113345564,1.1883001842915322,0.026471613439310808,3.018554866414719,-0.5642870368353299,1.1851074999255347,1.1732892686725909,1.5936341339301423,-0.3093940330819024
-0.11812715010815325,-1.9730830083106845,-1.8440248523264595,-1.1543054186912471,2.0977968973381858,-1.0847394259336587,-0.0008826094037126713,0.3793939368989068,-0.07115169982713025,-1.7811138988003556
-2.795149918740137,-1.073505444338253,-0.549490960538616,0.04986814462576888,1.7147785449489286,-0.02985290912826184,1.459261592855087,0.7114747096610081,0.08705024668873912,0.5096904249038903
-0.7944458687317542,0.7577751135544403,1.8628797432467517,0.8314605582959352,-1.057556233904958,0.660065832797326,-1.0941700702166721,0.9030757620892121,0.11389733233460081,0.2549720757767105
-0.8306415627328283,0.9877187107669825,-0.5545489530018646,0.5454737212373703,-0.31414806348271607,0.11633635346977059,0.37044068718428924,1.6787065386268063,1.1599817182726302,0.7755146489331936
0.30432768994376264,1.1630679948335867,-0.9031047064510023,2.1678050790570937,0.9792355661713974,-1.015300378317719,2.4640343842556587,-1.273415894186329,-0.4279057241489199,-0.10433887331148187
0.7440455507818867,-0.9437625590897927,-1.8208338177145058,-0.23041033806627986,-1.2811067290981484,-0.17656952477015653,0.8280437473252366,-0.7756869963625898,-0.384253877736163,-2.017742521403748
-1.2394977043666642,-0.5156765717572251,-0.20057723526470617,-0.8979005659740354,0.1392935689707158,-0.14565579330539427,-1.7323448748454868,2.50311647527088,-1.1321424336959989,0.7109922754238188
1.339050615964484,-0.11570125940888613,0.08849463952259026,-0.6795379653213666,0.4195483405625478,-1.7690343521047838,1.3347173095348777,0.9377203697410101,-1.0339107297780536,-0.21231815180325855
1.2573710819633412,1.513043994739659,0.7983709503133414,-0.24916789140600992,0.6410773884455329,-0.4218153322294985,-0.736673310019422,0.46030285401184273,1.5107391449889127,-2.3312454232105164
-0.2879792385545556,-0.5504082882101324,-1.651673837820719,-1.1817999553189096,-0.1942481437638939,0.1729582212081933,0.6068206833804229,0.7672613779309265,-1.2669910756329694,0.17934467552475544
1.6341160324574815,0.09499808145259712,-0.7670712946709108,0.01588947829391925,1.6843055163705292,-0.8485864421417637,0.3923605968104259,0.6399485123945652,-0.13277310443802204,-0.09678071096469269
-0.3446717191423941,2.7110315957469178,-0.5609518600938078,-1.5317935231596158,0.30092915379649493,0.8070944720056401,-0.8473593776119662,0.5952076867297557,-1.89766474793424,-0.23989019427115132
-0.6489250314434151,0.00035842766763812293,-0.22959133059508796,-0.6606885042009023,0.12161326047032982,0.9607450216442398,0.9428670673017581,0.0382012901337622,-0.7657043327213733,-1.7932819035718068
-0.3359431939994183,0.18542799381734051,0.02698811263281341,-0.34984628814375623,0.5370800834370933,0.2598598230296514,0.28208579192646616,-1.0061924104670372,-0.6690322793229218,0.23054349939115523
3.4975002577804433,0.2192803721845681,0.5776012483685793,0.5047114970962804,-0.5023529878015063,-0.24724805501554642,-2.077214661355625,-0.391942260213851,2.0691044051320375,0.6004292375701381
0.8236158891485161,-0.6818342041461705,-2.08958017746575,0.31371742978884626,-0.7000677409304727,2.185728798270755,-1.6782269390425046,-1.3830566416077072,-0.47599320248746296,-0.3652811039559513
-1.952257406269026,-2.134578294163723,0.9067061431531934,1.7755778737802306,-0.664194230538765,-1.7100557744480476,0.6839231885553385,-0.8210272434892789,-0.2649553605736441,-0.7397203310711713
-0.03393607334705758,-0.3946503549965387,-2.0144204087423754,-1.701842268859008,-0.07202439352648562,0.6866240534084602,0.657935189863499,0.38543136808713047,0.3775901929003432,-0.5707982406249584
1.3516283537216256,1.0714500547305563,-0.22893678702572892,2.0610612750704798,-1.7017177242001298,0.007307246803506559,2.474833042936358,0.3718931452665748,-0.549124225327948,-0.3199243410476864
0.057808676477803904,0.5011979849328181,-1.1827791259654814,1.3883920512592431,0.5128512329160348,1.8461770280518304,-0.8761611874722598,0.4725421306439923,-0.81329934188593,-0.09810878800807998
-0.04098087914985694,-0.8530297774112168,-0.10983351364721032,1.2020937500438775,-0.6695520707275207,-0.06888403792846133,1.402242387918312,-0.18876881559509812,-1.765540430385788,-0.3897776195486451
-0.4576634770788064,-0.2892587734214585,0.14606737102640477,-0.9189473670715157,0.9007026617614668,-0.8775583489403842,-1.5751972465781225,0.0710666295799739,0.22682371653699365,-1.3177231116694277
-2.1758534697494225,-0.06736894268289624,-0.2773129709333199,-0.4077986325428119,-1.4115533463996601,-0.31938694800665995,-0.6135199585162405,0.30073559741442407,-0.6700940398044353,-0.5513496680550164
-1.5719066344770984,-0.8234301959270368,-0.5185424459033868,-0.8542174798962033,0.6928832808215613,1.128859564892747,-0.2767564515809103,-0.6784558446851994,-1.0255267632996505,0.9709983001060738
1.496917803629696,-1.9586037684956927,0.9395317669779878,1.267917273172234,0.8109972931016048,0.7245227082503214,1.3034190889938448,0.9096280844137213,-0.25677600369389353,-0.45486863907413055
-0.7411525182720508,-0.6683654615194644,1.237872862449555,1.4696409591218853,-0.23698483919483362,-1.1800541130687563,-0.8160311247734283,-0.1639739696965514,-0.11114018738282642,1.1361118770495113
0.09185767615681258,-0.6401337192579657,-1.5438469645906665,-1.5929538411510529,-0.9947004495907192,-1.4304252714240941,-0.6016804838749372,1.095295719148768,2.02831540616744,0.5597498063401466
0.4055712111008801,0.08855733410023302,1.0403813850810166,0.2534490676727015,1.4311664161261823,0.30872945398725254,-0.7839216138576405,-0.13271547758445124,-1.373896850286355,2.2014891156176204
-0.2377286022708684,0.21429601069144244,-0.4037567851711884,-1.592937502394951,-1.4335300987575614,0.5866002598445249,-2.592819535225787,-0.5813827721377004,0.40933774374774445,-0.10528226012565226
-1.7101234035949775,0.8517680346011808,0.08873381702665611,1.7013575052248533,-1.6806091879165355,0.9927323881078987,1.5182757029512077,2.071927970007673,-0.5150844006656454,-2.000085137219062
-1.1176619632692029,-0.9724759022268579,0.9761232271866227,-1.8316181950447372,-1.5435877246316057,1.0441054717095906,0.8028822830792919,0.5372743953133627,0.22304707383373917,-0.23058338434177436
0.6297948978344455,-1.3386287094274878,1.0469157661173571,0.1934225878678896,-0.09684850713276913,2.059643680574559,0.39760689092333185,-0.20032396168752672,-0.2063962430409303,-0.6352416799038322
0.1998008817734195,0.8003849564198849,0.5810690576117802,-0.8657204613893965,-1.7835586947832403,-1.56196433996409,-0.7552384039766493,0.702118573167427,1.4929532960247789,-0.6584794286299258
-2.446641290164242,-0.7935216942931425,-1.218477356501005,-0.8842584360610848,0.7831898717281877,1.4408687701407976,-1.028872987122137,1.136343735686969,2.0049963686738166,1.0859107712873144
-0.48474362135112037,1.8170008018865622,-0.6619351774390754,0.03991514405955233,0.7529313721988223,0.2112325939412335,0.4459208208786031,-0.4163381798105817,-0.6180236106144761,0.6663927646176538
-0.3045687382506893,0.9696618435374192,-0.7182830196918989,1.3426785492292461,-1.1824465016053722,1.1103575965743586,0.9302266559452745,3.281800486478225,-1.2752235497490652,-0.7630162382325454
-0.9271972379049104,-0.877787764152932,-1.600894611339604,1.3945407444234943,-0.08165572593074234,-0.28650205463420764,-0.3935719498626811,0.8143825808929139,0.45922343958901374,-0.7780728281432042
0.8814885601262922,1.5733440802666003,-0.31478364046701734,2.088239324296095,-0.15950750580076994,-1.2447134020277686,0.2920804862518364,0.319596730360269,-0.8624451715141404,-0.3986948874689269
-0.280423653466566,0.7949498654204378,-0.4362881599183071,-0.35169777490812665,-1.6822352293737666,-0.9289050993062268,0.8373236055248581,1.9578881190056425,-0.24332418124153896,-0.24782827210747163
-0.7826574789981384,-0.08835838701565629,-0.03376300224365076,1.3106290179698874,-0.33229599797382475,-1.4789095968635426,-1.0987906371474008,-1.0570915772616292,-0.10383425087939858,-0.8687006336670107
-0.9143163166525368,0.0007479334788505086,1.2563529560880564,-1.1801095602066476,0.5631587567311169,0.2461808830466039,0.22964414282951529,1.0248002540451704,-0.9842879807705055,0.07859992059708193
-0.1499071573021581,0.7801799500966594,-0.0629943378154818,-0.6872915913960503,0.4650417406099896,0.02572874336056992,-1.0107193476930754,2.4446817089882447,0.5175387085329867,0.01758970579545215
-0.968663999204523,0.09511169804994463,-0.8788071893888245,0.9037026972666643,-2.840879238629198,-0.5853939803242165,0.49429751246615167,-0.9058021697351196,1.6101077502699195,-0.888787076381743
-0.4502908818348793,0.9596063799300921,-0.0848558336814825,1.2314783214881182,-0.14653189976292055,-0.400619305301427,0.04423933557699072,-2.7474613293474666,0.4993656703065193,0.03454697723544236
0.36983354621402315,0.1485434903767563,0.08336849079710328,0.6662795390108098,-0.18348957910535713,0.5002902825860664,-0.031926121733084165,0.6590226613473021,2.559014435926895,-0.28062702261311967
-0.38338973497835854,-1.1053838624161003,0.5036360445151506,0.13988463457513745,0.3418862244262838,0.5889370669286604,0.0740015699667232,0.7146396344921405,-0.34115578543962083,0.5388508356334791
0.6115950189227087,-0.08502168370957236,0.4184620647780746,0.872212525143206,-0.08807665288331934,1.535435118065026,1.204942138736136,-0.9635327442614425,-0.45248316339494865,0.29877022588506175
-0.20222506981895236,0.041366114184968154,0.42997145965735256,-0.5145720874138665,-0.38981765368377325,1.1659706501854885,0.3782014705417528,-1.2381016293722633,0.461049633568262,0.15479482339905928
-0.4614852798494221,1.4946388591630464,1.0689634384178173,-0.3958033350903401,-0.16076673603461494,-0.8866547616151885,1.6144801617552833,-0.20508403392708854,-0.9043645415613781,-1.2680940461056214
1.4548526886844326,-1.716093488613452,0.2218484163274602,-0.15120374283763804,2.0168851104999144,1.0659264369565908,1.172817873984116,-1.0205227427919363,0.09131443547288311,-0.9105664472333969
-0.4403390312325611,0.3951232963214275,0.19046363338834002,2.072269790479497,-0.8729768685305285,-0.9406398770860025,-0.07838234643970643,0.11535471354745519,-1.8213008355397726,2.6822663429736253
-0.5158167269822101,-0.3792144187517561,0.4202167859726915,-0.213219785103663,0.2019863248557922,-0.7239722976499265,-1.5708517417676806,0.13592722594523846,0.11209095486308682,-0.11093322779564259
-1.2531776795082727,-0.9507686884130218,1.2738653020885151,-0.7850856173882723,-0.2325543290652186,0.17695805662950984,-0.03430214821559109,1.5748728244929877,-0.08771105365394921,-0.946127640744006
1.2229796936704496,0.3470247755412385,0.6829332030804873,1.0954225151137336,-0.05802700480351177,-0.4719850642629944,-0.47913614487367545,1.1807187960237857,0.09076527179643674,-0.9785685644951452
0.4052872233250732,-1.0634675521008796,0.514412149362661,-0.9732637884817381,-0.6458677181252542,-0.7465967676085992,0.21063245915324105,-2.497469726868768,-1.1709853515104485,-0.02614732217216647
-1.050888632698629,-1.814192057381869,1.1929192587401751,-0.6730313886849171,-0.21933785758521995,-0.12026785864266326,0.5395907042990464,-0.683994849929389,1.2615411920485156,-0.04220965519327936
0.1655717478275566,-1.3146452103726758,-0.7444588737292551,1.8977198450241852,-0.42379537822273344,0.319105160244323,0.13303756958477997,-0.038990205599671916,-0.6067206379485867,1.2303942653538855
0.5049304718288352,0.8994808120067731,-0.7329742514369042,-1.3866514806255932,0.2208034641882415,-1.1144467374300393,1.08616968963954,-0.8518977594961147,0.13269472969294818,2.546578773235665
-0.24499996426926177,-0.08899260402545783,-0.45452359866001457,-0.042367481163879915,-0.29789192865493985,-1.0105071786905018,0.38183446695061757,1.2971045500247578,-1.542558078055841,0.43709111476466084
-0.749144558711037,0.0648088673630859,0.26535373498782466,0.272275222757283,-0.07876435407578043,0.29923271020336095,0.78027214651207,0.5331237803166673,1.3632736067311273,-1.499548067341831
1.452297673029994,-1.6355969660173355,-1.1859354001652178,-0.8048572424308003,1.251205789933546,-0.7432633235599637,0.6903017127559505,0.004514808923058452,1.6526101990196984,1.4293854579356042
0.5058379091890854,0.21448047367413042,-0.5543697178387551,-0.44852559476288384,0.5423794766231835,-0.4031570494474568,0.05082230286789972,-0.9149344432695367,-1.3564703116388679,0.6942498455022389
0.18409760936121541,-0.196380681232633,0.6315436284498096,-0.401933210575484,-0.11788680213068455,0.07112719791618137,0.7361062627435409,0.7647063564471568,-0.6006270472705186,-0.6270008249261986
-2.965602019374514,0.9029388540088382,0.05197173730129636,0.7081477074273513,1.145412364461767,-0.4430052519338535,0.5850335446743393,0.316837623004952,-0.19665463172772008,-0.3266437857885798
-0.2845458629925563,0.7939680163587698,-1.299315689433556,-1.07710695880524,0.20554838182142116,-1.0524918904886518,-0.6460966102745295,0.06553395762239307,0.33877444107515603,0.36512547874641965
-1.8730278939905267,-1.1196706542893287,0.6186420934450232,1.8062963468756583,-1.2954355225648384,-0.6302307041207573,0.3279424038327014,-0.571186861262268,0.16931612328772142,0.46618922853175493
1.4560079458933046,0.5535644348925209,-0.8641885280300932,0.6856131446513017,0.4909032354626857,-1.860290228430667,-0.6832211102230183,-1.416605086134528,-1.2716784709356481,-0.3041469371175111
-0.4549317584531529,-1.0969215227729214,0.16794709716184278,-0.14373862013971303,-0.08823320494924239,0.024957525713739274,-1.517391543998461,0.0942822508871331,0.20787760600439947,0.22121166637103828
-0.729308393663436,1.8001330265337478,0.8418452679709258,0.8903088373646165,1.5804793819203522,1.8175304489989719,0.39748399639786436,-0.8451430216256621,-0.4113459244355084,-0.42687058547076046
-0.6120515529916072,0.8640548465053243,0.36928372661500436,-1.7394765694087613,0.3057937902573222,0.7452431673484764,1.9754676701519072,-1.4606659627740222,-1.354007973642192,0.5322181327386721
0.6878784518473268,-1.5216803805644867,0.8194391927592639,0.4877830099170652,-0.43584364667487613,1.081704449792033,0.1708330422139621,0.9105068333369328,-1.6319873161050995,-0.737276479740437
0.14290511988071952,-0.18958103305122867,-0.4362441985605759,1.6868707052691205,-0.42848270530990135,-0.11993891505447664,-0.3150533721852852,-0.6069256737084043,0.46847684254223376,-0.2573839792335178
-0.9009561445609626,0.3043522994353622,0.8253667672073501,0.0689432028673243,-0.6129635163906846,-1.0611206515776839,-0.5875908349563315,-0.6525022894056143,-1.0349020447965265,-0.500880990427378
-0.2985895995220129,0.2370398420548234,0.805125295165217,-0.5243124378809945,0.19303417590826566,0.040432537178149576,1.362090159294305,-0.3892557932482365,-0.7115131573197876,0.8141220624615974
-0.8331831068659441,0.5280112185338851,1.9817525569240804,-0.39355609410621517,0.6136468525248224,-1.362967736399904,1.2282098968120279,0.9342261353489393,-0.462811208777411,2.2550345914736467
-0.27776315744250285,0.2902750149451845,-0.06958482603281908,1.0442546244722708,0.6977152129481492,0.0718582067273443,-1.1656945387909472,0.25090444430355896,-0.7520948864625029,-0.9964971604500853
-0.4614969014012314,-1.5043053999064073,-1.2068320747118064,0.632724956231545,0.29650346939186734,-1.0580099867723762,0.45507005843460396,-0.0019667223462928943,0.9516507505365115,1.9642081995377216
-0.3513809949723988,1.5969072478966149,1.2215349422405828,0.0605360745902945,-0.5238038675987998,-0.5108561573039839,1.1335682000854743,1.844929774025717,-0.756932668077208,0.9888987676193911
-0.40204439865550196,0.42601176887150183,1.3667842629481186,1.1225685062397854,-0.9157955248506174,2.8221952280935847,-0.5472553338459066,1.094045642310614,0.37102431271408476,0.9820915628630885
-2.6758600576370415,0.7569439450514854,-1.266301673304271,1.4714323798740776,0.42142402929860445,-0.6520914123544299,2.5777970823107137,-0.007974957182289522,1.3789241207946663,0.9485819844684035
0.4817760586219801,0.3686369503162712,-0.8485348914673111,0.3636685451798749,0.4793608516664605,0.14587140493815987,-0.38209915765103525,0.16919314728219975,0.8200259461255318,-0.20095483008267304
-1.2917830463443918,-0.8266387597817834,-1.359593127647236,1.8468522760043435,-0.6386983542648195,-1.2613529328014579,0.6625029312118577,-1.078119341726362,0.9594027043295561,-0.04435996533670199
1.3024862532673662,2.5233157052066866,-0.08270469621535137,-1.604383363830256,0.06287533026381982,-1.0094616124619018,-1.0593469991945583,-0.24710988419597926,-0.3216492038612718,-0.29645112813506214
-0.051592523622371586,1.476567179937928,0.36174988730469687,-0.10783941786214146,-0.37136043000176944,-0.7763878182762864,-0.21868573976457167,-0.447775602865512,-1.4202792746614004,-0.38469963040343635
-0.4830033024672234,-2.333780588068464,1.0348405116974355,1.4184604787779223,0.20546179654712396,0.9854738455647275,-1.6200599221232872,0.9366610948302836,0.4676761304330751,0.3280483318083765
-0.03185258368333178,0.04185225955351754,-0.09283232323407885,-0.8609088141774466,-1.1534441335833676,1.0607917784165244,0.6747354829901588,-0.8282327756014182,1.2922037021268904,1.601183757321461
0.5825335103517945,1.3567123315151661,0.5870680393874933,-0.5222405769696519,0.38337377108333487,0.931933767791292,0.13699062668424025,0.7616366768170398,-0.24178673321552627,-0.6658063038752354
-1.145044953592315,0.7382383888717863,1.7082954996714557,-0.12816238854946313,0.38961299115343606,-1.681249040344674,-1.1169071171815226,0.9163279674148934,0.1922034525439961,1.7427216221946458
0.7723779222058106,-2.1063583526305547,0.5897370991515095,-0.4718933810241106,0.7433774717971658,-0.9343066871071605,0.08553165792732763,0.6251288333957715,0.9535942548696991,-0.8581392046002206
0.8432876481594154,-0.5829659571572318,1.1546665769742612,-0.6992533634316792,1.0152611812367038,-0.7830801209062094,1.6800559272229187,0.534261266255316,0.5491446727416434,1.4636525716496684
1.7543768260467196,0.9563390155403622,0.009945586270776074,-0.26583958713359984,0.21964721579272087,-0.830838395972766,1.7246044093349269,0.45481621734987115,-1.1974222943254167,1.2493835475852275
-1.6810468153802547,-0.04039767499551287,0.9371453000825912,1.3921446029917952,-0.36981395543736817,-0.7761330232380823,2.188619157531349,-0.265321304368873,-0.6476286316843517,-0.2569192092610729
0.12345772718196371,-1.488039495184066,-0.2771312477169454,-0.7121359911890129,-1.0623151372057453,0.4780184394445199,-3.093352844639271,0.7196228902249387,-0.11028013209549856,-0.5030059593916119
-0.046434563578972264,0.6750671169472653,1.7219701440316857,-0.5196909586269042,1.0805716613180243,-1.0468180463614771,0.8712265608414977,0.4362001475803148,0.21733936547455546,-0.2297884559573236
-0.305192152690316,0.26080295479105925,-0.8088378067637919,0.6321551135435849,0.45805386259441006,-0.8249229895307638,-1.3736783628547635,-0.06239132340558063,-1.7886217044961936,1.3620205720681362
-0.6586755175219873,-2.209807179002682,1.4481777125784288,-0.9299185874877163,-0.5314364049601588,1.8038258834678957,-0.7097404481474032,-2.5915236575281515,-0.7907953382603788,-2.3812074470550906
1.0582248395545675,1.0842597217385377,0.03924180980958138,1.1629617464564488,1.5060184018390992,-0.22846485847131615,2.209920202852227,0.3880819133376772,-0.485605313257041,1.384405739041453
0.1364533962869811,-1.2181001830124905,0.11679706807859846,1.582134171779143,0.12199915841283399,-0.14705290366554472,0.6971695458259164,0.2703544678113099,0.9593027555262122,0.8415167657348903
0.38475556488499324,-0.536265434568861,0.07925341020968316,0.532887848252553,0.6011490637286924,0.901698025718125,-1.1490412402406267,0.6767602682082526,-2.1573535441721674,0.7166509877045734
1.1804394098012962,0.2045120890727086,-0.27080627661824214,-0.5888407453000247,1.0552086654972972,0.3143788640313734,0.9857891772661292,0.16884383178769477,-0.6046158033242766,1.1789008457520693
1.3302125098201543,0.31401773616117795,-1.1311555949136267,0.6207513835882572,-0.6207239100425335,0.8832698158447946,1.5537534711066825,-1.1275862606065905,2.41753825000771,-1.8595779934415675
0.6657332603880204,-0.7363408793943883,0.5069027228461022,0.22897110238463053,-0.001989573194857198,0.5330327953976849,-1.3451893183028962,-0.36898336068100035,0.026947164536306665,0.9415588215124941
0.029729814878119654,-0.42556806015862253,-0.08741155473536875,-1.4882690172695097,1.6907282484090778,-0.35786084635504417,0.1776651917713007,-1.5716753794181724,0.26404326595163685,0.1320560948194008
-0.21676100408827648,1.0691834662000463,-1.525646004831953,-0.043427070809371505,1.9477926554112868,0.6582459677478799,-0.2019719040756874,0.5595637732084019,0.45301699104497256,-0.7290542806760035
0.5178634553049184,0.07076815859866459,1.243780995749061,0.861626086433364,-0.6274771996052178,0.10075150838282326,0.9028851340480806,-0.1358442247011551,0.2810825077875649,-1.1678762754912313
-0.06056637915553465,-2.1612158457003523,0.848530200489498,0.7765316035283922,0.25886670632948794,-0.9498526133057761,0.1941579108664249,-0.5566889314475996,-1.0660090609932689,-0.6920929371261932
1.1953561055292654,-1.0202300488760014,1.1413637536092107,0.5199924123075133,0.585160272510046,1.183659473633841,-0.9153191105072734,-0.48942941345818186,0.9482027597563528,0.5088151564962284
-0.9832980294207809,0.952555985255328,-1.1270231151104497,0.2774756673018931,1.7519811098331688,-1.1832974921038257,-1.8720015101283252,0.5034701218153649,1.009112336105668,-0.3112539241977073
1.8923392017970464,-0.13115222698535514,0.9380684729707336,-1.4758874514464781,-0.893228980654853,0.6321330977297003,0.5125677901822102,0.03442375375919162,0.9497479212659552,1.0939432004755132
-1.3908560899382039,-0.8947802162400795,0.276933086401284,1.7635524549029473,-0.31418704034218614,0.4564806229295006,1.5477380076532588,-0.7869399613880569,-0.5881775143092087,-0.04550402419559005
-1.7313729281348116,-1.7102048937636702,-0.5485889886157382,-0.6341379479918985,1.090117903125522,-0.5631248790922089,0.22290317500432028,-2.34921122921312,-0.755597135581896,1.1879032184003897
-2.010105666949378,-0.4096729331327161,0.8518487876096906,1.2442567421349258,-0.525992198520915,-2.0499339449402307,1.520844369886599,-1.2261485667062884,-0.21877279073979797,-0.8775815499943694
-0.18646177643148584,-0.9266240494960982,-1.5723630829435857,-0.5787526076502705,-0.9273894162524448,0.7301810377620049,-1.9088441786730732,1.9132912516886358,-0.5232927353541439,-0.7521059579228927
-0.03569647033426239,-0.8565366074254727,-0.806930541190649,0.6854590428275993,-1.0266912587975718,0.8590887965170887,0.241272070974977,0.31037154822875057,0.46224901444284205,-0.9747585616152095
-0.4590483847672965,0.6672619768891029,0.0234983501921354,-0.47261970621407196,-1.3550061273791356,1.0928310167566098,-0.18507252025322482,0.193519092368141,0.08958089928593925,-0.8000188866569182
0.024561397527441086,-0.49270061525506104,0.6471742497082713,-0.03793966684373998,0.2269592175296154,-0.02306543467605753,-2.4898845043080415,-0.21621185212336236,-0.3545042603827497,-1.3656265344356198
-1.2831707219296427,-1.7401962592632028,-0.2112683560914114,0.4766815625466766,-1.7216559672181906,0.16968781060163984,-0.7429809735755394,-1.131321318783391,0.39767762705111925,0.6299069052485331
-0.7266342449209393,-1.0870704449822872,-1.3881514087439182,-0.7660888456882303,-0.9437132702361691,-0.7088386421860745,1.076179610738464,0.5920557564255212,1.0998351373430952,1.0611302448938602
0.4521045230065403,1.0482536867705738,-0.5758905192128475,-0.17822264886646566,1.7811357327253037,0.9507554431777485,-0.28995622572070806,0.2969751315720214,-0.8229745966702712,0.8928290410745046
-0.3458168947041057,0.18360868277453765,0.8758982964974773,0.3879290096661268,-0.529047571452772,-0.919399798750771,-2.416935223833192,0.5288688979112702,1.013800567105309,0.48606364742393837
-1.5146457772365371,0.5696157559646182,0.4336609429190808,0.16555573983595592,-0.24640131087887832,0.2246033519212941,-1.3254412901113912,-0.2829014943638436,0.6977950226742596,-1.358119672911636
-0.9816805009531203,-0.0025883498631125053,-0.5423003774246226,-0.38875435735117636,0.84758431523247,-1.558377146388942,-0.006425354510187446,0.00500594490199159,0.5643941735940747,0.270200888168388
-1.596567209330596,-0.4412442913878161,-0.14422937380496104,-0.9007198860750607,-0.7658424366520602,0.8858320156716694,-1.230126181906184,0.9123501629869878,0.984725830281846,-0.3250251715709861
-0.9416621827629993,1.7247081821380792,-1.0242453112775145,1.5621326442025838,-0.8347353759250853,-2.0983478963535616,-0.16046973881984625,-0.9684824490604635,-0.12724455010354171,0.3050583566800579
-1.4217486837476587,-0.8213270053655818,-1.6286717053703803,-0.4476476308157476,-0.09112166536019489,1.3844992723843366,-2.9140283584478026,0.6161925639241435,0.008029105510561107,-1.3486380366702526
-0.7520194318847083,-0.9838569340547438,-0.5326331020658078,-1.303158898617872,-0.357695212366762,-0.6894427122274446,0.9388099107212168,-0.49583142856347334,-1.537458129253187,1.3968043930771126
0.01553130050964007,0.03977503292942763,0.9332162667258853,0.4264748754227329,-0.6648046583107075,1.2257470887634856,1.2064188153262447,0.2548059434787797,1.2790144180201648,-0.02601589655459318
-0.5391577535673593,0.9460101226740616,1.3381535334993488,-0.054154795391201424,-0.2506554912265543,1.1836111955465436,-1.4962926382812547,0.8644149904755672,1.5807996918835292,-1.9178701873686086
-0.23197360353221777,1.636313148820396,1.2145921062248735,-0.053445279210285405,0.26917555299051504,0.4116212008362766,0.17762891157699215,1.2375812776938806,-0.10249209458769312,-0.00724333295262076
1.6851050645662493,-0.09900782220219333,0.5718806900005388,0.30758725349832683,0.2123246067947052,-0.5888487012608801,-3.43110808190533,0.15558080033608948,-1.1130961990840287,-2.8705433474166795
-0.23097462793951204,0.5421152370209903,0.3249132033156846,-0.5067171400398388,0.24925645292517615,1.033989689059561,1.8028006581733473,-1.9602064377764703,0.5183545700450019,1.4977882319383526
-2.4075838674364745,-0.26542499599803404,-0.6673622755239581,0.9491992081575601,-1.659862679590134,0.569149269309043,-0.394651258226275,-0.5458751994942713,-0.8285719922531276,-0.9160765937428874
1.4948639880429917,0.04742597128865366,-0.30955310612750714,0.15813636825969657,-0.3413847422354962,0.9541003335196641,0.16992941363040812,-0.9383664969496238,0.5043293461063468,-0.47625397463342994
1.1033542475099039,0.13222707495563005,0.3611698981750241,-1.9678500994181214,-0.21127307350666322,-0.8574237803531777,-1.3051883367826285,1.7901323559991713,-0.2454700971858427,1.6139322258184787
0.27700767537958804,0.797727394194326,1.3498651836621367,0.9735560440345505,0.04526526699653603,-0.9378233660283095,-0.2760576344415401,-1.9012023135729488,0.020455091092830904,0.010533636301098227
2.2257930634117313,0.3805679726078012,1.5041812644199395,-0.4551798013471906,1.4452713906005852,1.4000248891339424,0.12224732369060869,-1.1917324508875147,-0.48769495748599234,-0.06492327658443203
-0.4402015282686919,-0.740979753298992,-0.9992910398379077,-0.6808983694073152,-0.2137537254223476,-0.32291557878829713,-0.9167931090443572,0.8781415060646978,-0.4049054142662762,-0.4895671551857273
-0.8827687141903616,2.547594086951693,-0.846397139727821,-0.7363120260641397,-0.5950787850452522,-0.40619055580687163,-2.162524119595917,-1.0763740108975706,0.09952560731034958,-1.4081776586656785
0.7711186963231467,0.3365214103920877,0.11610401974794785,0.24146228392466254,1.2215383726734224,1.7610797999475272,0.45371388142643615,-0.035413304699241685,-1.3307151183332602,-1.0137724573791962
0.28288972274203067,-0.614019841598386,0.024782940179975368,-0.18814271245302175,1.8548910468825714,1.0460325544352358,1.4179500847499233,-0.14132883661665233,-0.5214829774154853,0.04890921860501541
-0.6380712888930515,2.176773969165612,0.01514608569083149,-0.21496487771669662,0.7458360259903065,-1.3807599575982459,2.809416540686608,0.9287720485194474,0.7825501090324247,-0.33831400159767006
1.5758432371719866,-0.5454652361879015,0.17695772275845723,-0.04792240471222274,1.4665990833970661,-0.052500410890812525,-1.313221110393439,-1.4053959192695484,0.9083827228585147,-0.3831051686941301
-1.1907961425401905,1.2193271501867382,0.951053213894156,-0.5053527682156806,-0.14452768481535117,0.026484593112490695,-1.1478870366519371,1.4067488137906006,0.7593964872504718,-0.6164688518537358
0.7451388524664685,-0.21862576842276712,-0.8649916453384012,-0.06336795408763474,0.49293320319646716,1.9885725015384914,0.6818686064643493,-0.43548676735525943,-0.8201862940255206,-0.09014700603919765
-1.5689807019542061,-0.8693522214153879,-0.0912562914650436,0.018511939216917635,0.10817467684062358,-0.8364172909034944,-0.21387190967866943,0.13045306951050278,-1.6362111214492914,0.3048908138279409
-1.88510080123073,-0.8763635408561004,-1.9121108201695085,-0.31294860052882995,-0.2250483794956422,0.3831766431480675,-0.22792696506674714,-0.30893171498804317,1.1343814356771942,-0.48996219969021215
0.6058600803134726,0.9208507451164116,1.2279414881758202,-0.6775159858450012,0.5266999582176399,-0.9272400318633068,-0.23645262078141963,2.0613572548343098,-0.278379869026148,0.6885798638574917
0.8837673908683195,0.7563221605981622,-0.8984823203997943,1.1586561608102854,-0.3936934607197354,0.14641230171844752,1.0906934843184375,-1.119295981919529,0.7675945557204675,0.975522100915223
1.0435591627463932,1.7953811977794376,-1.6156031349788662,0.7809368128277553,0.9048865943991198,-1.6733162996494386,0.7415710939004723,-1.954938153256737,0.044633151216429454,1.8442825451418632
-0.3411112074434025,1.118748116157833,-0.923196768727616,-0.121272805894362,-2.4267537985662413,1.5979912255177295,0.5607988838838829,-0.07483480131972248,2.0325019428386306,-0.31871842603488604
0.7173927191063615,-0.7520147883400993,0.7951232482547218,0.5001255139905952,-0.14589193018962401,0.7610064829015728,0.8173077381312054,-0.11848131775391589,-1.1581893844246984,1.1468766136538722
0.234106131399613,-0.7801652269516965,0.6331762700749045,-0.42925846721708116,-1.29958531513599,-0.6352711789264824,1.2402152167593499,-1.0325076563928743,-0.06959351478497258,0.6246453824877363
0.4382419690401669,0.13452026693739566,-0.5133684944331105,-0.8887530252168011,-0.5149594165608404,2.3225873647197686,0.42028199010322814,0.6525540884816947,1.0351883201495362,-1.361046641747172
0.4079934657868698,-0.8342844734728815,0.11998875006341407,-0.36751517554642205,-0.9819750601768061,-0.5108332334335282,-0.9073850023597541,-0.6850163536222125,-0.0032375263266053297,-1.341989888628032
-0.38731952330450553,-1.0291491127371066,1.8549455212719375,-0.7260131262001371,-0.008125815614458479,-1.1734846162502064,0.3321776512070652,0.18209147514587748,-1.9557334802576731,-1.995528598156186
0.226149461278502,0.04044790686236184,-0.030696576083353373,-0.1540137436929815,2.458478364236331,-0.15753429966372942,-0.6799459860931847,0.4678041396693941,-0.3003487682385051,-1.8719197500468183
0.17320808302948335,-0.06176171141429795,-1.1829108786230518,-1.8295884284255952,0.14000312516270536,-0.5464475857204436,1.8328417187840365,-0.6551750964673995,-0.0010180092632577488,1.2931407431651476
0.7379207997729423,-0.6906896790143755,-0.22312497238364346,0.1881349415290793,0.8768038864057675,0.601095285684886,0.33388183462641235,-0.28823514162170205,-0.7470947900401056,-1.8616640930748611
-0.03196423260255497,-1.4213802898787269,1.846911495938527,0.13847454351924338,0.03355944963740855,-1.1979655247629892,-0.03605386162400014,0.09655591956900697,-1.777938045852864,-0.5637923559381065
-0.19330916890782687,0.17125157295527643,-0.5974122861237728,-1.8380814843623725,-0.6369027019911773,0.1595477515843615,0.844198353413458,-1.2057460050323359,1.4041545188447933,-0.43222029589779404
-1.3022096667380174,1.235920199595283,1.2511297562726265,0.6829221253365624,0.1527461457048314,-0.18680056656890062,-0.30257560985906007,-0.6404999188177316,1.7035460844645816,1.3804883793511595
1.031261886031638,1.4785071149579783,0.6684996829943318,1.2534743409156173,-0.6292030079916863,0.6023319318886572,0.6521728038372883,0.2939505776652099,-0.5300476579755032,-1.1478720772051092
-0.14962452743959026,-0.8085484423106061,0.6456683307933936,0.5257589720433868,-0.6361194459103181,-2.6251191394884192,-0.40710863565514566,-0.46218358058984355,-0.47135545575701426,-1.3288282722665434
0.08422311189053175,0.5188981170906843,-0.7293759363091822,-0.6785112050271397,0.7537024463797927,-1.1905669127034861,0.6078281051082808,1.038984117162362,0.0880113618570682,0.543377792950015
-0.4525989530261052,0.43740491252769326,-1.9760388826781896,-2.4671792690969028,-1.1668138078154755,-0.19440113287812028,-2.0407792058025795,-0.0139951066107158,-0.32493420186611377,-0.16767696555734793
-1.0091864217927027,-1.2765366143515542,-0.30783550359374706,0.32627831989760936,0.7244436380401379,0.22063492657356853,-1.0134170868611339,-0.529383110295574,-0.3333885407415131,0.3503631618173207
1.0869872342213738,-1.443363487902736,-1.6739471778819432,-2.072010693617361,0.27658999158617537,-0.5874037958972141,3.5585996143804652,-0.5442746972876338,-0.8955098983637776,-1.5580479938498195
-1.1658816648717936,0.03374881029991112,1.2376425689742698,-1.3882628020459507,-1.4644838328051355,0.5922970010737779,1.3519879936110297,0.23070799841183956,-0.43800169184948395,-0.7517395128055216
0.7028264048707812,-0.5063830925313669,-2.133821190279543,0.3920813220207999,-1.247812510133951,-0.3808672963555574,-0.6731434680366073,-0.8070219055965773,-0.801314936254883,1.7166021201386183
-0.4929287782021607,-0.2855446996614845,1.0158867712091797,1.1507933746002703,1.4058282781012323,-0.7490982450342963,0.5715016373722978,0.39335621483830263,0.306464652284024,1.8854047044533238
0.5790441456935822,-0.6363026884323573,0.5091775356937038,0.4535392222540913,1.0781923084233003,0.6502717906709474,-0.929609863616239,0.09605690965099623,0.6594242104687954,1.321815022012776
-0.9874467250630832,0.7400183998345736,-0.5724633917572912,1.1037174099655216,-1.7369181961707332,0.3516437069404472,-0.16891623486995463,1.1710597812606924,-0.6071596081671375,-0.2912212626477005
-1.0107025253297093,0.09311415635983446,-0.41541396607258,-0.6884250104666437,0.25618699847112403,1.8883172216047397,-0.8084844112801514,-0.8540964688052793,1.1471765175861506,0.44327468693557326
0.5780700823728011,-1.32857681195972,0.04045649697713262,0.7811715462906632,1.0100390005259963,0.13980612442017656,-0.14839805339136541,0.8672611286042708,0.448668748424053,0.5912658441576902
-0.23448087055252714,-1.1293593694458395,1.6672139565999284,-2.901271548498304,0.27215161258154563,-2.528409052237007,1.190098784877346,0.48205040713930347,1.2306837319899158,-0.9001439647261178
1.1192150200487976,-1.1752983387492757,-1.3628910782173385,-0.14417735646056312,0.416218424361459,1.9406778145940848,0.260632498987387,0.5430608234266352,1.6729994921415006,0.10857648296303411
-1.0361336964413161,1.6623981571704087,0.8177629493647567,-0.4019192476249518,0.2939781467408319,-0.38114094405169663,-0.5553437573102977,-0.8199232957375873,-1.5316925345853516,-1.701751651709541
-1.0525436093105816,-0.5100833055060512,0.5844998723577652,0.4401580776933757,-1.1013633148118982,-1.4824153374258042,-1.5421488852533412,-1.4687591489911125,1.6551559123221449,1.238877148606071
-0.08185086545656471,-0.39056604581370996,1.8212383860251684,-0.45841628218497016,-0.3620803743907489,-0.0742749824127816,1.3222385942016897,-0.6343730590434584,-0.6215342657396611,0.8020664286885019
1.2947797308344775,0.4332668379200934,1.7594825329856616,-0.8308802816189841,-0.07300305267050754,1.1885449133144284,-1.2311506134561587,0.4308734413938932,1.0177865165774689,0.3323015353902157
1.7284869006285817,-0.7815195590398512,-1.23434237455425,-1.4953843466887906,0.2942723798206698,-2.419776824846411,-0.34545142016974023,0.41372642082705857,-0.24401412149786483,-0.20949533433490197
0.4562065087383405,0.6964485628841743,-1.220580862953725,-0.8383381146771456,1.7853557133812261,-0.12824723302790708,-0.32251796276149125,0.07027567217874268,0.5881975893513305,1.1842979820438178
-0.6971022511642856,0.02503870990636762,-0.4718708286873676,-0.7764871043900607,0.5017548583180016,-0.3198718576738613,-0.9988098234360381,0.22347581582431303,-0.42544763622132703,0.5275784947779206
0.7563574676663544,-1.140090809064762,0.3719109158996506,-0.4570578225607145,-0.7165534520389706,-0.9943380233791118,-0.3415081250862996,-0.24558925152120056,1.333752572735303,-0.8201411220193898
